directorCd,directorNm,repRoleNm,filmos
10077515,크리스토퍼 맥쿼리,감독,"[{'movieCd': '20181181', 'movieNm': '미션 임파서블: 폴아웃', 'moviePartNm': '감독'}, {'movieCd': '20157881', 'movieNm': '미션 임파서블: 로그네이션', 'moviePartNm': '감독'}, {'movieCd': '20123333', 'movieNm': '잭 리처', 'moviePartNm': '감독'}, {'movieCd': '20010158', 'movieNm': '웨이 오브 더 건', 'moviePartNm': '감독'}, {'movieCd': '19960083', 'movieNm': '유주얼 서스펙트', 'moviePartNm': '시나리오(각본)'}]"
10032042,브래드 버드,감독,"[{'movieCd': '20183361', 'movieNm': '인크레더블 2', 'moviePartNm': '감독'}, {'movieCd': '20159748', 'movieNm': '투모로우랜드', 'moviePartNm': '감독'}, {'movieCd': '20112207', 'movieNm': '미션임파서블:고스트프로토콜', 'moviePartNm': '감독'}, {'movieCd': '20070264', 'movieNm': '라따뚜이', 'moviePartNm': '감독'}, {'movieCd': '20040745', 'movieNm': '인크레더블', 'moviePartNm': '감독'}, {'movieCd': '19998077', 'movieNm': '심슨 가족', 'moviePartNm': '감독'}, {'movieCd': '19998032', 'movieNm': '아이언 자이언트', 'moviePartNm': '감독'}]"
10005852,김지운,감독,"[{'movieCd': '20170942', 'movieNm': '인랑', 'moviePartNm': '감독'}, {'movieCd': '20170942', 'movieNm': '인랑', 'moviePartNm': '시나리오(각본)'}, {'movieCd': '20170942', 'movieNm': '인랑', 'moviePartNm': '시나리오(각본)'}, {'movieCd': '20159646', 'movieNm': '밀정', 'moviePartNm': '감독'}, {'movieCd': '20159646', 'movieNm': '밀정', 'moviePartNm': '제작'}, {'movieCd': '20159646', 'movieNm': '밀정', 'moviePartNm': '각색'}, {'movieCd': '20123422', 'movieNm': '라스트 스탠드', 'moviePartNm': '감독'}, {'movieCd': '20100301', 'movieNm': '악마를 보았다', 'moviePartNm': '감독'}, {'movieCd': '20100301', 'movieNm': '악마를 보았다', 'moviePartNm': '각색'}, {'movieCd': '20124729', 'movieNm': '악마를 보았다 감독판', 'moviePartNm': '감독'}, {'movieCd': '20072152', 'movieNm': '좋은 놈, 나쁜 놈, 이상한 놈 ', 'moviePartNm': '감독'}, {'movieCd': '20072152', 'movieNm': '좋은 놈, 나쁜 놈, 이상한 놈 ', 'moviePartNm': '시나리오(각본)'}, {'movieCd': '20072152', 'movieNm': '좋은 놈, 나쁜 놈, 이상한 놈 ', 'moviePartNm': '제작'}, {'movieCd': '20088973', 'movieNm': '좋은 놈, 나쁜 놈, 이상한 놈(칸버전)', 'moviePartNm': '감독'}, {'movieCd': '20088973', 'movieNm': '좋은 놈, 나쁜 놈, 이상한 놈(칸버전)', 'moviePartNm': '시나리오(각본)'}, {'movieCd': '20088973', 'movieNm': '좋은 놈, 나쁜 놈, 이상한 놈(칸버전)', 'moviePartNm': '제작'}, {'movieCd': '20080912', 'movieNm': '감독들, 김기영을 말하다', 'moviePartNm': '배우'}, {'movieCd': '20050017', 'movieNm': '달콤한 인생', 'moviePartNm': '감독'}, {'movieCd': '20050017', 'movieNm': '달콤한 인생', 'moviePartNm': '시나리오(각본)'}, {'movieCd': '20030131', 'movieNm': '장화, 홍련', 'moviePartNm': '감독'}, {'movieCd': '20030131', 'movieNm': '장화, 홍련', 'moviePartNm': '시나리오(각본)'}, {'movieCd': '20020228', 'movieNm': '쓰리', 'moviePartNm': '감독'}, {'movieCd': '20020228', 'movieNm': '쓰리', 'moviePartNm': '시나리오(각본)'}, {'movieCd': '20149419', 'movieNm': '쓰리 메모리즈', 'moviePartNm': '감독'}, {'movieCd': '20000030', 'movieNm': '반칙왕', 'moviePartNm': '감독'}, {'movieCd': '20000030', 'movieNm': '반칙왕', 'moviePartNm': '시나리오(각본)'}, {'movieCd': '20008551', 'movieNm': '커밍 아웃', 'moviePartNm': '감독'}, {'movieCd': '19980030', 'movieNm': '조용한 가족', 'moviePartNm': '감독'}, {'movieCd': '19980030', 'movieNm': '조용한 가족', 'moviePartNm': '시나리오(각본)'}, {'movieCd': '20133082', 'movieNm': '더 엑스', 'moviePartNm': '감독'}, {'movieCd': '20137241', 'movieNm': '사랑의 가위바위보', 'moviePartNm': '감독'}, {'movieCd': '20098296', 'movieNm': '선물', 'moviePartNm': '감독'}, {'movieCd': '20149420', 'movieNm': '사랑의 힘', 'moviePartNm': '감독'}, {'movieCd': '20149346', 'movieNm': '제13회 미쟝센 단편영화제 김지운 감독 마스터클래스', 'moviePartNm': '감독'}, {'movieCd': '20149341', 'movieNm': '제13회 미쟝센 단편영화제 김지운 단편 특별전1', 'moviePartNm': '감독'}, {'movieCd': '20149342', 'movieNm': '제13회 미쟝센 단편영화제 김지운 단편 특별전2', 'moviePartNm': '감독'}, {'movieCd': '20068590', 'movieNm': '인류멸망 보고서', 'moviePartNm': '감독'}, {'movieCd': '20068590', 'movieNm': '인류멸망 보고서', 'moviePartNm': '시나리오(각본)'}, {'movieCd': '20134228', 'movieNm': ""인류 멸망 보고서 '천상의 피조물' "", 'moviePartNm': '감독'}, {'movieCd': '20134228', 'movieNm': ""인류 멸망 보고서 '천상의 피조물' "", 'moviePartNm': '시나리오(각본)'}]"
10004265,김병갑,감독,"[{'movieCd': '20185242', 'movieNm': '신비아파트: 금빛 도깨비와 비밀의 동굴', 'moviePartNm': '감독'}, {'movieCd': '20110279', 'movieNm': '마당을 나온 암탉', 'moviePartNm': '애니메이션팀'}, {'movieCd': '20110279', 'movieNm': '마당을 나온 암탉', 'moviePartNm': '스토리보드'}, {'movieCd': '20101221', 'movieNm': '쩨쩨한 로맨스', 'moviePartNm': '애니메이션팀'}, {'movieCd': '20100788', 'movieNm': '마법천자문: 대마왕의 부활을 막아라', 'moviePartNm': '애니메이션팀'}, {'movieCd': '20100788', 'movieNm': '마법천자문: 대마왕의 부활을 막아라', 'moviePartNm': '애니메이션팀'}, {'movieCd': '20050313', 'movieNm': '아치와 씨팍', 'moviePartNm': '스토리보드'}, {'movieCd': '20050313', 'movieNm': '아치와 씨팍', 'moviePartNm': '작화감독'}, {'movieCd': '20050163', 'movieNm': '왕후 심청', 'moviePartNm': '스토리보드'}, {'movieCd': '20050163', 'movieNm': '왕후 심청', 'moviePartNm': '애니메이션팀'}]"
10083194,페이튼 리드,감독,"[{'movieCd': '20180522', 'movieNm': '앤트맨과 와스프', 'moviePartNm': '감독'}, {'movieCd': '20155702', 'movieNm': '앤트맨', 'moviePartNm': '감독'}, {'movieCd': '20081703', 'movieNm': '예스맨', 'moviePartNm': '감독'}, {'movieCd': '20060282', 'movieNm': '브레이크 업 : 이별후애(愛)', 'moviePartNm': '감독'}, {'movieCd': '20072168', 'movieNm': '다운 위드 러브', 'moviePartNm': '감독'}, {'movieCd': '20000309', 'movieNm': '브링잇온', 'moviePartNm': '감독'}]"
10029578,박훈정,감독,"[{'movieCd': '20185341', 'movieNm': '마녀', 'moviePartNm': '감독'}, {'movieCd': '20185341', 'movieNm': '마녀', 'moviePartNm': '시나리오(각본)'}, {'movieCd': '20185341', 'movieNm': '마녀', 'moviePartNm': '제작'}, {'movieCd': '20164174', 'movieNm': '브이아이피', 'moviePartNm': '감독'}, {'movieCd': '20164174', 'movieNm': '브이아이피', 'moviePartNm': '시나리오(각본)'}, {'movieCd': '20164174', 'movieNm': '브이아이피', 'moviePartNm': '제작'}, {'movieCd': '20145171', 'movieNm': '대호', 'moviePartNm': '감독'}, {'movieCd': '20145171', 'movieNm': '대호', 'moviePartNm': '시나리오(각본)'}, {'movieCd': '20124401', 'movieNm': '신세계', 'moviePartNm': '감독'}, {'movieCd': '20124401', 'movieNm': '신세계', 'moviePartNm': '시나리오(각본)'}, {'movieCd': '20101003', 'movieNm': '혈투', 'moviePartNm': '감독'}, {'movieCd': '20101003', 'movieNm': '혈투', 'moviePartNm': '시나리오(각본)'}, {'movieCd': '20100213', 'movieNm': '부당거래', 'moviePartNm': '시나리오(각본)'}, {'movieCd': '20100301', 'movieNm': '악마를 보았다', 'moviePartNm': '시나리오(각본)'}, {'movieCd': '20151441', 'movieNm': '대호', 'moviePartNm': '감독'}]"
20070799,고레에다 히로카즈,감독,"[{'movieCd': '20186121', 'movieNm': '어느 가족', 'moviePartNm': '감독'}, {'movieCd': '20172702', 'movieNm': '세 번째 살인', 'moviePartNm': '감독'}, {'movieCd': '20163189', 'movieNm': '태풍이 지나가고', 'moviePartNm': '감독'}, {'movieCd': '20156102', 'movieNm': '바닷마을 다이어리', 'moviePartNm': '감독'}, {'movieCd': '20133704', 'movieNm': '그렇게 아버지가 된다', 'moviePartNm': '감독'}, {'movieCd': '20120941', 'movieNm': '엔딩노트', 'moviePartNm': '제작'}, {'movieCd': '20113473', 'movieNm': '진짜로 일어날지도 몰라 기적', 'moviePartNm': '감독'}, {'movieCd': '20100130', 'movieNm': '공기인형', 'moviePartNm': '감독'}, {'movieCd': '20090340', 'movieNm': '걸어도 걸어도', 'moviePartNm': '감독'}, {'movieCd': '20060415', 'movieNm': '하나', 'moviePartNm': '감독'}, {'movieCd': '20050038', 'movieNm': '아무도 모른다', 'moviePartNm': '감독'}, {'movieCd': '20018972', 'movieNm': '디스턴스', 'moviePartNm': '감독'}, {'movieCd': '19980048', 'movieNm': '원더풀 라이프', 'moviePartNm': '감독'}, {'movieCd': '20070157', 'movieNm': '환상의 빛', 'moviePartNm': '감독'}, {'movieCd': '20196204', 'movieNm': '그러나... 복지를 버리는 시대로', 'moviePartNm': '감독'}, {'movieCd': '20158961', 'movieNm': '또 하나의 교육', 'moviePartNm': '감독'}]"
10025841,마이클 메이슨,감독,"[{'movieCd': '20186001', 'movieNm': '신은 죽지 않았다 3: 어둠 속의 빛', 'moviePartNm': '감독'}]"
10065698,요르고스 란티모스,감독,"[{'movieCd': '20180937', 'movieNm': '더 페이버릿: 여왕의 여자', 'moviePartNm': '감독'}, {'movieCd': '20175221', 'movieNm': '킬링 디어', 'moviePartNm': '감독'}, {'movieCd': '20150862', 'movieNm': '더 랍스터', 'moviePartNm': '감독'}, {'movieCd': '20113591', 'movieNm': '송곳니', 'moviePartNm': '감독'}, {'movieCd': '20198407', 'movieNm': '송곳니 감독판', 'moviePartNm': '감독'}, {'movieCd': '20018797', 'movieNm': '내 가장 친한 친구', 'moviePartNm': '감독'}]"
10018860,루카 구아다니노,감독,"[{'movieCd': '20197503', 'movieNm': '서스페리아', 'moviePartNm': '감독'}, {'movieCd': '20178522', 'movieNm': '콜 미 바이 유어 네임', 'moviePartNm': '감독'}, {'movieCd': '20166362', 'movieNm': '비거 스플래쉬', 'moviePartNm': '감독'}, {'movieCd': '20136833', 'movieNm': '베르톨루치가 말하는 베르톨루치 ', 'moviePartNm': '감독'}, {'movieCd': '20110027', 'movieNm': '아이 엠 러브', 'moviePartNm': '감독'}, {'movieCd': '20051188', 'movieNm': '멜리사 P.', 'moviePartNm': '감독'}]"
10005151,김용화,감독,"[{'movieCd': '20192206', 'movieNm': '백두산', 'moviePartNm': '제작'}, {'movieCd': '20186202', 'movieNm': '신과함께-인과 연', 'moviePartNm': '감독'}, {'movieCd': '20186202', 'movieNm': '신과함께-인과 연', 'moviePartNm': '제작'}, {'movieCd': '20186202', 'movieNm': '신과함께-인과 연', 'moviePartNm': '시나리오(각본)'}, {'movieCd': '20150976', 'movieNm': '신과함께-죄와 벌', 'moviePartNm': '감독'}, {'movieCd': '20150976', 'movieNm': '신과함께-죄와 벌', 'moviePartNm': '시나리오(각본)'}, {'movieCd': '20150976', 'movieNm': '신과함께-죄와 벌', 'moviePartNm': '제작'}, {'movieCd': '20124082', 'movieNm': '미스터 고', 'moviePartNm': '감독'}, {'movieCd': '20124082', 'movieNm': '미스터 고', 'moviePartNm': '시나리오(각본)'}, {'movieCd': '20124082', 'movieNm': '미스터 고', 'moviePartNm': '제작'}, {'movieCd': '20124082', 'movieNm': '미스터 고', 'moviePartNm': '기획'}, {'movieCd': '20124082', 'movieNm': '미스터 고', 'moviePartNm': '각색'}, {'movieCd': '20124082', 'movieNm': '미스터 고', 'moviePartNm': '편집'}, {'movieCd': '20110295', 'movieNm': '마이 웨이', 'moviePartNm': '제작'}, {'movieCd': '20090527', 'movieNm': '국가대표 완결판-못 다한 이야기', 'moviePartNm': '감독'}, {'movieCd': '20090307', 'movieNm': '국가대표', 'moviePartNm': '감독'}, {'movieCd': '20090307', 'movieNm': '국가대표', 'moviePartNm': '시나리오(각본)'}, {'movieCd': '20090307', 'movieNm': '국가대표', 'moviePartNm': '기획'}, {'movieCd': '20060387', 'movieNm': '미녀는 괴로워', 'moviePartNm': '감독'}, {'movieCd': '20060387', 'movieNm': '미녀는 괴로워', 'moviePartNm': '시나리오(각본)'}, {'movieCd': '20030133', 'movieNm': '오! 브라더스', 'moviePartNm': '감독'}, {'movieCd': '20030133', 'movieNm': '오! 브라더스', 'moviePartNm': '시나리오(각본)'}, {'movieCd': '20020283', 'movieNm': '자반고등어', 'moviePartNm': '감독'}, {'movieCd': '20020283', 'movieNm': '자반고등어', 'moviePartNm': '시나리오(각본)'}]"
20306533,최신규,감독,"[{'movieCd': '20193821', 'movieNm': '극장판 헬로카봇 : 달나라를 구해줘!', 'moviePartNm': '감독'}, {'movieCd': '20185478', 'movieNm': '극장판 헬로카봇: 옴파로스 섬의 비밀', 'moviePartNm': '감독'}, {'movieCd': '20183915', 'movieNm': '극장판 공룡메카드: 타이니소어의 섬', 'moviePartNm': '감독'}, {'movieCd': '20186501', 'movieNm': '극장판 헬로카봇 : 백악기 시대', 'moviePartNm': '감독'}, {'movieCd': '20186501', 'movieNm': '극장판 헬로카봇 : 백악기 시대', 'moviePartNm': '스토리'}, {'movieCd': '20140444', 'movieNm': '헬로 카봇', 'moviePartNm': '기획'}]"
10051071,올 파커,감독,"[{'movieCd': '20181942', 'movieNm': '맘마미아!2', 'moviePartNm': '감독'}, {'movieCd': '20181942', 'movieNm': '맘마미아!2', 'moviePartNm': '시나리오(각본)'}, {'movieCd': '20120362', 'movieNm': '나우이즈굿 ', 'moviePartNm': '감독'}, {'movieCd': '20126470', 'movieNm': '베스트 엑조틱 메리골드 호텔', 'moviePartNm': '시나리오(각본)'}, {'movieCd': '20068663', 'movieNm': '이매진 미 앤 유', 'moviePartNm': '감독'}]"
10018399,루벤 외스틀룬드,감독,"[{'movieCd': '20179044', 'movieNm': '더 스퀘어', 'moviePartNm': '감독'}, {'movieCd': '20156732', 'movieNm': '포스 마쥬어: 화이트 베케이션', 'moviePartNm': '감독'}, {'movieCd': '20088744', 'movieNm': '분별없는 행동', 'moviePartNm': '감독'}]"
10054495,윤종빈,감독,"[{'movieCd': '20179101', 'movieNm': '공작', 'moviePartNm': '감독'}, {'movieCd': '20179101', 'movieNm': '공작', 'moviePartNm': '시나리오(각본)'}, {'movieCd': '20162541', 'movieNm': '춘몽', 'moviePartNm': '배우'}, {'movieCd': '20145507', 'movieNm': '검사외전', 'moviePartNm': '제작'}, {'movieCd': '20131262', 'movieNm': '허삼관', 'moviePartNm': '각색'}, {'movieCd': '20123501', 'movieNm': '군도: 민란의 시대', 'moviePartNm': '감독'}, {'movieCd': '20123501', 'movieNm': '군도: 민란의 시대', 'moviePartNm': '제작'}, {'movieCd': '20123501', 'movieNm': '군도: 민란의 시대', 'moviePartNm': '스토리'}, {'movieCd': '20113557', 'movieNm': '범죄와의 전쟁: 나쁜놈들 전성시대', 'moviePartNm': '감독'}, {'movieCd': '20113557', 'movieNm': '범죄와의 전쟁: 나쁜놈들 전성시대', 'moviePartNm': '시나리오(각본)'}, {'movieCd': '20080394', 'movieNm': '비스티 보이즈', 'moviePartNm': '감독'}, {'movieCd': '20080394', 'movieNm': '비스티 보이즈', 'moviePartNm': '시나리오(각본)'}, {'movieCd': '20050303', 'movieNm': '용서받지 못한 자', 'moviePartNm': '감독'}, {'movieCd': '20050303', 'movieNm': '용서받지 못한 자', 'moviePartNm': '배우'}, {'movieCd': '20050303', 'movieNm': '용서받지 못한 자', 'moviePartNm': '미술/프로덕션 디자인'}, {'movieCd': '20050303', 'movieNm': '용서받지 못한 자', 'moviePartNm': '시나리오(각본)'}, {'movieCd': '20050303', 'movieNm': '용서받지 못한 자', 'moviePartNm': '제작'}]"
10001386,젠디 타타코브스키,감독,"[{'movieCd': '20184802', 'movieNm': '몬스터 호텔 3', 'moviePartNm': '감독'}, {'movieCd': '20154242', 'movieNm': '몬스터 호텔 2', 'moviePartNm': '감독'}, {'movieCd': '20129156', 'movieNm': '몬스터 호텔', 'moviePartNm': '감독'}]"
10021027,타치카와 유즈루,감독,"[{'movieCd': '20187427', 'movieNm': '명탐정 코난 : 제로의 집행인', 'moviePartNm': '감독'}]"
10065265,조규장,감독,"[{'movieCd': '20170670', 'movieNm': '목격자', 'moviePartNm': '감독'}, {'movieCd': '20170670', 'movieNm': '목격자', 'moviePartNm': '스토리'}, {'movieCd': '20068576', 'movieNm': '그날의 분위기', 'moviePartNm': '감독'}, {'movieCd': '20068576', 'movieNm': '그날의 분위기', 'moviePartNm': '각색'}, {'movieCd': '20081649', 'movieNm': '낙타는 말했다', 'moviePartNm': '감독'}, {'movieCd': '20081649', 'movieNm': '낙타는 말했다', 'moviePartNm': '시나리오(각본)'}, {'movieCd': '20080351', 'movieNm': '봉수', 'moviePartNm': '감독'}]"
10068421,존 터틀타웁,감독,"[{'movieCd': '20183584', 'movieNm': '메가로돈', 'moviePartNm': '감독'}, {'movieCd': '20147683', 'movieNm': '라스트베가스', 'moviePartNm': '감독'}, {'movieCd': '20100381', 'movieNm': '마법사의 제자', 'moviePartNm': '감독'}, {'movieCd': '20070549', 'movieNm': '내셔널 트레져:비밀의 책', 'moviePartNm': '감독'}, {'movieCd': '20040755', 'movieNm': '내셔널 트레져', 'moviePartNm': '감독'}, {'movieCd': '20010131', 'movieNm': '키드', 'moviePartNm': '감독'}, {'movieCd': '19990207', 'movieNm': '인스팅트 ', 'moviePartNm': '감독'}, {'movieCd': '19960273', 'movieNm': '페노메논 ', 'moviePartNm': '감독'}, {'movieCd': '19950185', 'movieNm': '당신이 잠든 사이에 ', 'moviePartNm': '감독'}]"
10055319,이마이 카즈아키,감독,"[{'movieCd': '20187641', 'movieNm': '극장판 도라에몽: 진구의 보물섬', 'moviePartNm': '감독'}]"
10055945,이석근,감독,"[{'movieCd': '20153446', 'movieNm': '너의 결혼식', 'moviePartNm': '감독'}, {'movieCd': '20153446', 'movieNm': '너의 결혼식', 'moviePartNm': '시나리오(각본)'}, {'movieCd': '20172603', 'movieNm': '부라더', 'moviePartNm': '각색'}, {'movieCd': '20172742', 'movieNm': '범죄도시', 'moviePartNm': '각색'}, {'movieCd': '20060876', 'movieNm': '누가 예수를 죽였는가?', 'moviePartNm': '감독'}, {'movieCd': '20060876', 'movieNm': '누가 예수를 죽였는가?', 'moviePartNm': '시나리오(각본)'}]"
10086171,수잔나 포겔,감독,"[{'movieCd': '20187647', 'movieNm': '나를 차버린 스파이', 'moviePartNm': '감독'}]"
10085782,피터 버그,감독,"[{'movieCd': '20187657', 'movieNm': '마일22', 'moviePartNm': '감독'}, {'movieCd': '20171781', 'movieNm': '패트리어트 데이', 'moviePartNm': '감독'}, {'movieCd': '20168154', 'movieNm': '딥워터 호라이즌', 'moviePartNm': '감독'}, {'movieCd': '20147953', 'movieNm': '론 서바이버 ', 'moviePartNm': '감독'}, {'movieCd': '20112134', 'movieNm': '배틀쉽', 'moviePartNm': '감독'}, {'movieCd': '20080873', 'movieNm': '핸콕', 'moviePartNm': '감독'}, {'movieCd': '20070494', 'movieNm': '킹덤', 'moviePartNm': '감독'}, {'movieCd': '20048644', 'movieNm': '프라이데이 나잇 라이트', 'moviePartNm': '감독'}, {'movieCd': '20030209', 'movieNm': '웰컴 투 더 정글', 'moviePartNm': '감독'}, {'movieCd': '20018140', 'movieNm': '코르키 로마노', 'moviePartNm': '배우'}, {'movieCd': '19990144', 'movieNm': '베리배드씽', 'moviePartNm': '감독'}, {'movieCd': '19948202', 'movieNm': '기적의 터치다운', 'moviePartNm': '배우'}, {'movieCd': '20148755', 'movieNm': '질주', 'moviePartNm': '배우'}, {'movieCd': '19910177', 'movieNm': '영혼의 목걸이', 'moviePartNm': '배우'}]"
10085783,피터 버그만,감독,"[{'movieCd': '19900173', 'movieNm': '블레임 람바다', 'moviePartNm': '감독'}]"
10011005,아니쉬 차간티,감독,"[{'movieCd': '20185046', 'movieNm': '서치', 'moviePartNm': '감독'}]"
10031397,변혁,감독,"[{'movieCd': '20177537', 'movieNm': '상류사회', 'moviePartNm': '감독'}, {'movieCd': '20177537', 'movieNm': '상류사회', 'moviePartNm': '시나리오(각본)'}, {'movieCd': '20040671', 'movieNm': '주홍글씨', 'moviePartNm': '감독'}, {'movieCd': '20040671', 'movieNm': '주홍글씨', 'moviePartNm': '배우'}, {'movieCd': '20040671', 'movieNm': '주홍글씨', 'moviePartNm': '투자'}, {'movieCd': '20020197', 'movieNm': '서프라이즈', 'moviePartNm': '스토리'}, {'movieCd': '20000015', 'movieNm': '인터뷰', 'moviePartNm': '감독'}, {'movieCd': '20000015', 'movieNm': '인터뷰', 'moviePartNm': '시나리오(각본)'}, {'movieCd': '19978776', 'movieNm': '올슨', 'moviePartNm': '감독'}, {'movieCd': '20120796', 'movieNm': 'His Concern', 'moviePartNm': '감독'}, {'movieCd': '20120796', 'movieNm': 'His Concern', 'moviePartNm': '시나리오(각본)'}, {'movieCd': '20126898', 'movieNm': '어머니의 여름', 'moviePartNm': '감독'}, {'movieCd': '19908375', 'movieNm': '호모 비디오쿠스', 'moviePartNm': '감독'}]"
10045281,알폰소 쿠아론,감독,"[{'movieCd': '20184091', 'movieNm': '로마', 'moviePartNm': '감독'}, {'movieCd': '20139221', 'movieNm': '그래비티', 'moviePartNm': '감독'}, {'movieCd': '20068730', 'movieNm': '칠드런 오브 맨', 'moviePartNm': '감독'}, {'movieCd': '20040598', 'movieNm': '해리포터와 아즈카반의 죄수', 'moviePartNm': '감독'}, {'movieCd': '20020097', 'movieNm': '이투마마', 'moviePartNm': '감독'}, {'movieCd': '19980157', 'movieNm': '위대한 유산 ', 'moviePartNm': '감독'}, {'movieCd': '19930298', 'movieNm': '러브 앤 히스테리', 'moviePartNm': '감독'}, {'movieCd': '20134710', 'movieNm': '도대체 그 남자가 누구야', 'moviePartNm': '감독'}]"
10029772,발타자르 코루마쿠르,감독,"[{'movieCd': '20189261', 'movieNm': '어드리프트:우리가 함께한 바다', 'moviePartNm': '감독'}, {'movieCd': '20178987', 'movieNm': '오스', 'moviePartNm': '감독'}, {'movieCd': '20178987', 'movieNm': '오스', 'moviePartNm': '배우'}, {'movieCd': '20151421', 'movieNm': '에베레스트', 'moviePartNm': '감독'}, {'movieCd': '20135343', 'movieNm': '투건스', 'moviePartNm': '감독'}, {'movieCd': '20124873', 'movieNm': '콘트라밴드', 'moviePartNm': '감독'}, {'movieCd': '20068912', 'movieNm': '살인의 기억', 'moviePartNm': '감독'}, {'movieCd': '20051227', 'movieNm': '천국으로 가는 초라한 여행', 'moviePartNm': '감독'}, {'movieCd': '20031370', 'movieNm': '폭풍의 계절', 'moviePartNm': '배우'}, {'movieCd': '20028168', 'movieNm': '보이지 않는 세계', 'moviePartNm': '배우'}, {'movieCd': '20028945', 'movieNm': '성난 바다', 'moviePartNm': '감독'}, {'movieCd': '20008917', 'movieNm': '레이캬비크', 'moviePartNm': '감독'}, {'movieCd': '20008917', 'movieNm': '레이캬비크', 'moviePartNm': '배우'}, {'movieCd': '20001057', 'movieNm': '버림받은 천사들', 'moviePartNm': '배우'}, {'movieCd': '19991022', 'movieNm': '분열', 'moviePartNm': '배우'}, {'movieCd': '19970185', 'movieNm': '아그네스의 원죄 ', 'moviePartNm': '배우'}]"
10038539,갈리나 미클리노바,감독,"[{'movieCd': '20188446', 'movieNm': '양말요정 휴고의 대모험', 'moviePartNm': '감독'}]"
10088447,허종호,감독,"[{'movieCd': '20156554', 'movieNm': '물괴', 'moviePartNm': '감독'}, {'movieCd': '20156554', 'movieNm': '물괴', 'moviePartNm': '시나리오(각본)'}, {'movieCd': '20142855', 'movieNm': '성난 변호사', 'moviePartNm': '감독'}, {'movieCd': '20142855', 'movieNm': '성난 변호사', 'moviePartNm': '각색'}, {'movieCd': '20111914', 'movieNm': '카운트다운', 'moviePartNm': '감독'}, {'movieCd': '20111914', 'movieNm': '카운트다운', 'moviePartNm': '시나리오(각본)'}, {'movieCd': '20070096', 'movieNm': '눈부신 날에', 'moviePartNm': '조감독'}, {'movieCd': '20120669', 'movieNm': '얼굴값', 'moviePartNm': '스크립터'}, {'movieCd': '20060714', 'movieNm': '승부', 'moviePartNm': '감독'}]"
10037886,쉐인 블랙,감독,"[{'movieCd': '20188581', 'movieNm': '더 프레데터', 'moviePartNm': '감독'}, {'movieCd': '20165041', 'movieNm': '나이스 가이즈', 'moviePartNm': '감독'}, {'movieCd': '20166883', 'movieNm': '언럭키맨', 'moviePartNm': '배우'}, {'movieCd': '20121621', 'movieNm': '아이언맨 3', 'moviePartNm': '감독'}, {'movieCd': '20058310', 'movieNm': '키스 키스 뱅뱅', 'moviePartNm': '감독'}, {'movieCd': '19960356', 'movieNm': '롱 키스 굿나잇 ', 'moviePartNm': '시나리오(각본)'}]"
10085422,리양우,감독,"[{'movieCd': '20188342', 'movieNm': '바니부기: 드래곤 에그를 찾아서', 'moviePartNm': '감독'}]"
10003620,김광식,감독,"[{'movieCd': '20176122', 'movieNm': '안시성', 'moviePartNm': '감독'}, {'movieCd': '20176122', 'movieNm': '안시성', 'moviePartNm': '시나리오(각본)'}, {'movieCd': '20139401', 'movieNm': '찌라시: 위험한 소문', 'moviePartNm': '감독'}, {'movieCd': '20139401', 'movieNm': '찌라시: 위험한 소문', 'moviePartNm': '각색'}, {'movieCd': '20100256', 'movieNm': '내 깡패 같은 애인', 'moviePartNm': '감독'}, {'movieCd': '20100256', 'movieNm': '내 깡패 같은 애인', 'moviePartNm': '시나리오(각본)'}, {'movieCd': '20070419', 'movieNm': '오프 로드', 'moviePartNm': '시나리오(각본)'}, {'movieCd': '20020226', 'movieNm': '오아시스', 'moviePartNm': '조감독'}, {'movieCd': '19990081', 'movieNm': '얼굴', 'moviePartNm': '시나리오(각본)'}, {'movieCd': '19970059', 'movieNm': '억수탕(3pm Paradise)', 'moviePartNm': '각색'}, {'movieCd': '20081078', 'movieNm': '비천괴수', 'moviePartNm': '특수효과'}]"
10029586,박희곤,감독,"[{'movieCd': '20172204', 'movieNm': '명당', 'moviePartNm': '감독'}, {'movieCd': '20172204', 'movieNm': '명당', 'moviePartNm': '각색'}, {'movieCd': '20189783', 'movieNm': '챔피언', 'moviePartNm': '기획'}, {'movieCd': '20113260', 'movieNm': '퍼펙트 게임', 'moviePartNm': '감독'}, {'movieCd': '20113260', 'movieNm': '퍼펙트 게임', 'moviePartNm': '시나리오(각본)'}, {'movieCd': '20090225', 'movieNm': '인사동 스캔들', 'moviePartNm': '감독'}, {'movieCd': '20090225', 'movieNm': '인사동 스캔들', 'moviePartNm': '시나리오(각본)'}, {'movieCd': '20020193', 'movieNm': '아 유 레디?', 'moviePartNm': '프로듀서'}]"
20114792,이종석,감독,"[{'movieCd': '20177308', 'movieNm': '협상', 'moviePartNm': '감독'}, {'movieCd': '20177308', 'movieNm': '협상', 'moviePartNm': '각색'}, {'movieCd': '20176104', 'movieNm': '그것만이 내 세상', 'moviePartNm': '기획'}, {'movieCd': '20136068', 'movieNm': '히말라야', 'moviePartNm': '각색'}, {'movieCd': '20137048', 'movieNm': '국제시장', 'moviePartNm': '배우'}, {'movieCd': '20137048', 'movieNm': '국제시장', 'moviePartNm': '조감독'}, {'movieCd': '20112208', 'movieNm': '더 킥', 'moviePartNm': '감독'}, {'movieCd': '20112208', 'movieNm': '더 킥', 'moviePartNm': '시나리오(각본)'}, {'movieCd': '20112208', 'movieNm': '더 킥', 'moviePartNm': '스토리'}, {'movieCd': '20070289', 'movieNm': '리턴', 'moviePartNm': '조감독'}]"
10076618,코린 하디,감독,"[{'movieCd': '20189262', 'movieNm': '더 넌', 'moviePartNm': '감독'}]"
20171642,우시로 신지,감독,"[{'movieCd': '20188304', 'movieNm': '극장판 요괴워치 섀도사이드: 도깨비왕의 부활', 'moviePartNm': '감독'}, {'movieCd': '20172142', 'movieNm': '극장판 요괴워치: 하늘을 나는 고래와 더블세계다냥!', 'moviePartNm': '감독'}, {'movieCd': '20150501', 'movieNm': '극장판 요괴워치: 탄생의 비밀이다냥!', 'moviePartNm': '감독'}, {'movieCd': '20137295', 'movieNm': '스트레이트 재킷', 'moviePartNm': '감독'}]"
10052360,울프강 라우엔슈타인,감독,"[{'movieCd': '20189268', 'movieNm': '루이스', 'moviePartNm': '감독'}]"
10080742,닛타 노리오,감독,"[{'movieCd': '20180167', 'movieNm': '에그엔젤 코코밍: 두근두근 핼러윈 파티', 'moviePartNm': '감독'}, {'movieCd': '20171022', 'movieNm': '극장판 에그엔젤 코코밍: 푸르밍과 두근두근 코코밍 세계', 'moviePartNm': '감독'}]"
20309473,정미화,감독,"[{'movieCd': '20189746', 'movieNm': '극장판 뽀잉: 슈퍼 변신의 비밀', 'moviePartNm': '감독'}, {'movieCd': '20189746', 'movieNm': '극장판 뽀잉: 슈퍼 변신의 비밀', 'moviePartNm': '시나리오(각본)'}, {'movieCd': '20189746', 'movieNm': '극장판 뽀잉: 슈퍼 변신의 비밀', 'moviePartNm': '기획'}, {'movieCd': '20189746', 'movieNm': '극장판 뽀잉: 슈퍼 변신의 비밀', 'moviePartNm': '작사/작곡/편곡'}]"
10066770,조원희,감독,"[{'movieCd': '20167903', 'movieNm': '원더풀 고스트', 'moviePartNm': '감독'}, {'movieCd': '20100300', 'movieNm': '죽이고 싶은', 'moviePartNm': '감독'}, {'movieCd': '20100300', 'movieNm': '죽이고 싶은', 'moviePartNm': '배우'}, {'movieCd': '20100300', 'movieNm': '죽이고 싶은', 'moviePartNm': '시나리오(각본)'}, {'movieCd': '20060378', 'movieNm': '애니 프란체스카', 'moviePartNm': '시나리오(각본)'}]"
20120723,루벤 플레셔,감독,"[{'movieCd': '20177221', 'movieNm': '베놈', 'moviePartNm': '감독'}, {'movieCd': '20128550', 'movieNm': '갱스터 스쿼드', 'moviePartNm': '감독'}, {'movieCd': '20135194', 'movieNm': '털기 아니면 죽기 : 제한시간 30분', 'moviePartNm': '감독'}, {'movieCd': '20098317', 'movieNm': '좀비랜드', 'moviePartNm': '감독'}]"
10006085,김태균,감독,"[{'movieCd': '20159286', 'movieNm': '연애담', 'moviePartNm': '프로듀서'}, {'movieCd': '20162581', 'movieNm': '연애의 발동 : 상해 여자, 부산 남자', 'moviePartNm': '감독'}, {'movieCd': '20134585', 'movieNm': '가시', 'moviePartNm': '감독'}, {'movieCd': '20134585', 'movieNm': '가시', 'moviePartNm': '제작'}, {'movieCd': '20130482', 'movieNm': '잉투기', 'moviePartNm': '프로듀서'}, {'movieCd': '20100210', 'movieNm': '맨발의 꿈', 'moviePartNm': '감독'}, {'movieCd': '20100210', 'movieNm': '맨발의 꿈', 'moviePartNm': '각색'}, {'movieCd': '20100210', 'movieNm': '맨발의 꿈', 'moviePartNm': '제작'}, {'movieCd': '20100210', 'movieNm': '맨발의 꿈', 'moviePartNm': '기획진행'}, {'movieCd': '20100207', 'movieNm': '피안도', 'moviePartNm': '감독'}, {'movieCd': '20080663', 'movieNm': '크로싱', 'moviePartNm': '감독'}, {'movieCd': '20060015', 'movieNm': '백만장자의 첫사랑', 'moviePartNm': '감독'}, {'movieCd': '20040576', 'movieNm': '늑대의 유혹', 'moviePartNm': '감독'}, {'movieCd': '20040576', 'movieNm': '늑대의 유혹', 'moviePartNm': '시나리오(각본)'}, {'movieCd': '20030441', 'movieNm': '이공', 'moviePartNm': '감독'}, {'movieCd': '20010006', 'movieNm': '화산고', 'moviePartNm': '감독'}, {'movieCd': '20010006', 'movieNm': '화산고', 'moviePartNm': '시나리오(각본)'}, {'movieCd': '19980020', 'movieNm': '키스할까요', 'moviePartNm': '감독'}, {'movieCd': '19960018', 'movieNm': '박봉곤 가출사건', 'moviePartNm': '감독'}, {'movieCd': '19950040', 'movieNm': '남자는 괴로워', 'moviePartNm': '프로듀서'}, {'movieCd': '19900047', 'movieNm': '나의 사랑, 나의 신부', 'moviePartNm': '라인프로듀서'}, {'movieCd': '20051304', 'movieNm': '아임 오케이', 'moviePartNm': '감독'}, {'movieCd': '20031352', 'movieNm': '편의점2시', 'moviePartNm': '감독'}, {'movieCd': '20060036', 'movieNm': '3인 3색 러브스토리 : 사랑즐감', 'moviePartNm': '감독'}]"
10024440,마크 포스터,감독,"[{'movieCd': '20189123', 'movieNm': '곰돌이 푸 다시 만나 행복해', 'moviePartNm': '감독'}, {'movieCd': '20122122', 'movieNm': '월드 워 Z', 'moviePartNm': '감독'}, {'movieCd': '20133942', 'movieNm': '머신건 프리처 감독판', 'moviePartNm': '감독'}, {'movieCd': '20125486', 'movieNm': '머신건 프리처', 'moviePartNm': '감독'}, {'movieCd': '20081484', 'movieNm': '007 퀀텀 오브 솔러스', 'moviePartNm': '감독'}, {'movieCd': '20080080', 'movieNm': '연을 쫓는 아이', 'moviePartNm': '감독'}, {'movieCd': '20070438', 'movieNm': '스트레인저 댄 픽션', 'moviePartNm': '감독'}, {'movieCd': '20050275', 'movieNm': '스테이', 'moviePartNm': '감독'}, {'movieCd': '20050004', 'movieNm': '네버랜드를 찾아서', 'moviePartNm': '감독'}, {'movieCd': '20020243', 'movieNm': '몬스터 볼', 'moviePartNm': '감독'}]"
10068081,존 스티븐슨,감독,"[{'movieCd': '20189462', 'movieNm': '셜록 놈즈', 'moviePartNm': '감독'}, {'movieCd': '20080653', 'movieNm': '쿵푸 팬더', 'moviePartNm': '감독'}]"
10057572,이지원,감독,"[{'movieCd': '20189067', 'movieNm': '미쓰백', 'moviePartNm': '감독'}, {'movieCd': '20189067', 'movieNm': '미쓰백', 'moviePartNm': '시나리오(각본)'}, {'movieCd': '20070072', 'movieNm': '우아한 세계', 'moviePartNm': '윤색'}, {'movieCd': '20040671', 'movieNm': '주홍글씨', 'moviePartNm': '스크립터'}, {'movieCd': '20010047', 'movieNm': '번지점프를 하다', 'moviePartNm': '연출팀'}, {'movieCd': '2010A097', 'movieNm': '그녀에게', 'moviePartNm': '감독'}, {'movieCd': '20070547', 'movieNm': '판타스틱 자살소동', 'moviePartNm': '스토리'}]"
10044124,마이크 데블린,감독,"[{'movieCd': '20196523', 'movieNm': '다이노 어드벤처: 에일리언 월드', 'moviePartNm': '감독'}, {'movieCd': '20180770', 'movieNm': '다이노 어드벤처2: 육해공 공룡 대백과', 'moviePartNm': '감독'}, {'movieCd': '20196116', 'movieNm': '다이노 어드벤처: 뉴 자이언트', 'moviePartNm': '감독'}, {'movieCd': '20195916', 'movieNm': '다이노 어드벤처: 육해공 킬러 엘리트', 'moviePartNm': '감독'}]"
20185450,조하네스 로버츠,감독,"[{'movieCd': '20193665', 'movieNm': '47미터 2', 'moviePartNm': '감독'}, {'movieCd': '20181262', 'movieNm': '노크: 초대받지 않은 손님', 'moviePartNm': '감독'}, {'movieCd': '20177181', 'movieNm': '47 미터', 'moviePartNm': '감독'}, {'movieCd': '20149847', 'movieNm': '에일리언 인베이젼', 'moviePartNm': '감독'}, {'movieCd': '20136896', 'movieNm': '에프 ', 'moviePartNm': '감독'}]"
10023193,마이클 수지,감독,"[{'movieCd': '20188661', 'movieNm': '에브리데이', 'moviePartNm': '감독'}, {'movieCd': '20124874', 'movieNm': '서약', 'moviePartNm': '감독'}, {'movieCd': '20098174', 'movieNm': '그레이 가든스', 'moviePartNm': '감독'}]"
10028369,조나단 베이커,감독,"[{'movieCd': '20180624', 'movieNm': '킨: 더 비기닝', 'moviePartNm': '감독'}, {'movieCd': '20182668', 'movieNm': '인컨시버블', 'moviePartNm': '감독'}]"
10009698,데이미언 셔젤,감독,"[{'movieCd': '20186321', 'movieNm': '퍼스트맨', 'moviePartNm': '감독'}, {'movieCd': '20167904', 'movieNm': '라라랜드', 'moviePartNm': '감독'}, {'movieCd': '20145141', 'movieNm': '위플래쉬', 'moviePartNm': '감독'}]"
20305089,박진영,감독,"[{'movieCd': '20184678', 'movieNm': '배반의 장미', 'moviePartNm': '감독'}, {'movieCd': '20184678', 'movieNm': '배반의 장미', 'moviePartNm': '제작'}, {'movieCd': '20184678', 'movieNm': '배반의 장미', 'moviePartNm': '각색'}]"
10056329,이시다 히로야스,감독,"[{'movieCd': '20187521', 'movieNm': '펭귄 하이웨이', 'moviePartNm': '감독'}, {'movieCd': '20158551', 'movieNm': '태양소년 이슬소녀', 'moviePartNm': '감독'}, {'movieCd': '20127789', 'movieNm': '비오는 마을', 'moviePartNm': '감독'}, {'movieCd': '20150079', 'movieNm': '후미코의 고백', 'moviePartNm': '감독'}, {'movieCd': '20179929', 'movieNm': '이시다 히로야스 X 아라이 요지로 특별전', 'moviePartNm': '감독'}]"
10086194,올리버 달리,감독,"[{'movieCd': '20180628', 'movieNm': '액슬', 'moviePartNm': '감독'}]"
20128773,김성훈,감독,"[{'movieCd': '20174981', 'movieNm': '창궐', 'moviePartNm': '감독'}, {'movieCd': '20174981', 'movieNm': '창궐', 'moviePartNm': '제작'}, {'movieCd': '20151228', 'movieNm': '공조', 'moviePartNm': '감독'}, {'movieCd': '20151228', 'movieNm': '공조', 'moviePartNm': '제작'}, {'movieCd': '20126583', 'movieNm': '마이 리틀 히어로', 'moviePartNm': '감독'}]"
10068277,존 추,감독,"[{'movieCd': '20182403', 'movieNm': '크레이지 리치 아시안', 'moviePartNm': '감독'}, {'movieCd': '20150203', 'movieNm': '나우 유 씨 미 2', 'moviePartNm': '감독'}, {'movieCd': '20113972', 'movieNm': '지.아이.조 2', 'moviePartNm': '감독'}, {'movieCd': '20113972', 'movieNm': '지.아이.조 2', 'moviePartNm': '프로듀서'}, {'movieCd': '20135784', 'movieNm': '저스틴 비버 : 네버 세이 네버', 'moviePartNm': '감독'}, {'movieCd': '20100382', 'movieNm': '스텝 업 3D', 'moviePartNm': '감독'}, {'movieCd': '20080149', 'movieNm': '스텝업 2 : 더 스트리트', 'moviePartNm': '감독'}]"
10077207,크리스 콜럼버스,감독,"[{'movieCd': '20158241', 'movieNm': '픽셀', 'moviePartNm': '감독'}, {'movieCd': '20090923', 'movieNm': '퍼시 잭슨과 번개 도둑', 'moviePartNm': '감독'}, {'movieCd': '20098230', 'movieNm': '아이 러브 유, 베스 쿠퍼', 'moviePartNm': '감독'}, {'movieCd': '20060039', 'movieNm': '렌트', 'moviePartNm': '감독'}, {'movieCd': '20020222', 'movieNm': '해리포터와 비밀의 방', 'moviePartNm': '감독'}, {'movieCd': '20010291', 'movieNm': '해리포터와 마법사의 돌', 'moviePartNm': '감독'}, {'movieCd': '20000087', 'movieNm': '바이센테니얼 맨', 'moviePartNm': '감독'}, {'movieCd': '19990114', 'movieNm': '스텝맘', 'moviePartNm': '감독'}, {'movieCd': '19950278', 'movieNm': '나인 먼쓰 ', 'moviePartNm': '감독'}, {'movieCd': '19950278', 'movieNm': '나인 먼쓰 ', 'moviePartNm': '시나리오(각본)'}, {'movieCd': '19940085', 'movieNm': '미세스 다웃파이어 ', 'moviePartNm': '감독'}, {'movieCd': '19920389', 'movieNm': '나 홀로 집에 2', 'moviePartNm': '감독'}, {'movieCd': '19910355', 'movieNm': '나홀로 집에', 'moviePartNm': '감독'}, {'movieCd': '19880158', 'movieNm': '피라미드의 공포', 'moviePartNm': '시나리오(각본)'}, {'movieCd': '19860106', 'movieNm': '구니스 ', 'moviePartNm': '시나리오(각본)'}, {'movieCd': '19850106', 'movieNm': '그렘린 ', 'moviePartNm': '시나리오(각본)'}]"
20111735,이재규,감독,"[{'movieCd': '20177538', 'movieNm': '완벽한 타인', 'moviePartNm': '감독'}, {'movieCd': '20177538', 'movieNm': '완벽한 타인', 'moviePartNm': '기획'}, {'movieCd': '20177538', 'movieNm': '완벽한 타인', 'moviePartNm': '각색'}, {'movieCd': '20139183', 'movieNm': '역린', 'moviePartNm': '감독'}, {'movieCd': '20100800', 'movieNm': '인플루언스', 'moviePartNm': '감독'}, {'movieCd': '20100800', 'movieNm': '인플루언스', 'moviePartNm': '투자'}]"
10074505,칼 멘데스,감독,"[{'movieCd': '20181669', 'movieNm': '윌리', 'moviePartNm': '감독'}]"
10031865,브라이언 싱어,감독,"[{'movieCd': '20185485', 'movieNm': '보헤미안 랩소디', 'moviePartNm': '감독'}, {'movieCd': '20150523', 'movieNm': '엑스맨: 아포칼립스', 'moviePartNm': '감독'}, {'movieCd': '20147669', 'movieNm': '엑스맨: 데이즈 오브 퓨처 패스트', 'moviePartNm': '감독'}, {'movieCd': '20147669', 'movieNm': '엑스맨: 데이즈 오브 퓨처 패스트', 'moviePartNm': '프로듀서'}, {'movieCd': '20123641', 'movieNm': '잭 더 자이언트 킬러', 'moviePartNm': '감독'}, {'movieCd': '20071013', 'movieNm': '작전명 발키리', 'moviePartNm': '감독'}, {'movieCd': '20060148', 'movieNm': '수퍼맨 리턴즈', 'moviePartNm': '감독'}, {'movieCd': '20030053', 'movieNm': '엑스맨 2', 'moviePartNm': '감독'}, {'movieCd': '20000213', 'movieNm': '엑스맨', 'moviePartNm': '감독'}, {'movieCd': '19988430', 'movieNm': '죽음보다 무서운 비밀', 'moviePartNm': '감독'}, {'movieCd': '19960083', 'movieNm': '유주얼 서스펙트', 'moviePartNm': '감독'}]"
10058386,일라이 로스,감독,"[{'movieCd': '20181404', 'movieNm': '벽 속에 숨은 마법시계', 'moviePartNm': '감독'}, {'movieCd': '20189069', 'movieNm': '데스 위시', 'moviePartNm': '감독'}, {'movieCd': '20172862', 'movieNm': '그린 인페르노', 'moviePartNm': '감독'}, {'movieCd': '20158702', 'movieNm': '노크 노크', 'moviePartNm': '감독'}, {'movieCd': '20149881', 'movieNm': '애프터쇼크', 'moviePartNm': '배우'}, {'movieCd': '20080340', 'movieNm': '그라인드 하우스', 'moviePartNm': '감독'}, {'movieCd': '20081380', 'movieNm': '호스텔 2', 'moviePartNm': '감독'}, {'movieCd': '20070429', 'movieNm': '호스텔', 'moviePartNm': '감독'}, {'movieCd': '20021201', 'movieNm': '캐빈 피버', 'moviePartNm': '감독'}]"
10011631,데이빗 고든 그린,감독,"[{'movieCd': '20180987', 'movieNm': '할로윈', 'moviePartNm': '감독'}, {'movieCd': '20180140', 'movieNm': '스트롱거', 'moviePartNm': '감독'}, {'movieCd': '20156962', 'movieNm': '맹글혼', 'moviePartNm': '감독'}, {'movieCd': '20149411', 'movieNm': '조', 'moviePartNm': '감독'}, {'movieCd': '20148651', 'movieNm': '프린스 아발란체', 'moviePartNm': '감독'}, {'movieCd': '20136253', 'movieNm': '더 시터', 'moviePartNm': '감독'}, {'movieCd': '20136272', 'movieNm': '유어 하이니스', 'moviePartNm': '감독'}, {'movieCd': '20088329', 'movieNm': '파인애플 익스프레스', 'moviePartNm': '감독'}, {'movieCd': '20078597', 'movieNm': '스노우 엔젤스', 'moviePartNm': '감독'}, {'movieCd': '20031073', 'movieNm': '언더토우', 'moviePartNm': '감독'}, {'movieCd': '20031229', 'movieNm': '올 더 리얼 걸스', 'moviePartNm': '감독'}, {'movieCd': '20008407', 'movieNm': '조지 워싱턴', 'moviePartNm': '감독'}]"
10046021,앤드류 하얏트,감독,"[{'movieCd': '20181171', 'movieNm': '바울', 'moviePartNm': '감독'}]"
10058831,임진순,감독,"[{'movieCd': '20170513', 'movieNm': '동네사람들', 'moviePartNm': '감독'}, {'movieCd': '20170513', 'movieNm': '동네사람들', 'moviePartNm': '시나리오(각본)'}, {'movieCd': '20125430', 'movieNm': '슈퍼스타', 'moviePartNm': '감독'}, {'movieCd': '20125430', 'movieNm': '슈퍼스타', 'moviePartNm': '시나리오(각본)'}, {'movieCd': '20125430', 'movieNm': '슈퍼스타', 'moviePartNm': '제작'}, {'movieCd': '20125430', 'movieNm': '슈퍼스타', 'moviePartNm': '기획'}, {'movieCd': '20020164', 'movieNm': '해적 디스코왕 되다', 'moviePartNm': '조감독'}, {'movieCd': '19991149', 'movieNm': '일월영측', 'moviePartNm': '감독'}, {'movieCd': '20113072', 'movieNm': '원격조정', 'moviePartNm': '감독'}]"
20125835,유영선,감독,"[{'movieCd': '20126670', 'movieNm': '밀크보이즈', 'moviePartNm': '시나리오(각본)'}, {'movieCd': '20124092', 'movieNm': '어둠의 저편(가제)', 'moviePartNm': '감독'}, {'movieCd': '20124092', 'movieNm': '어둠의 저편(가제)', 'moviePartNm': '시나리오(각본)'}]"
10024774,마틴 코틱,감독,"[{'movieCd': '20183063', 'movieNm': '박물관이 진짜 살아있다', 'moviePartNm': '감독'}]"
10045012,아리 산델,감독,"[{'movieCd': '20182693', 'movieNm': '구스범스: 몬스터의 역습', 'moviePartNm': '감독'}, {'movieCd': '20161566', 'movieNm': '퀸카가 아니어도 좋아', 'moviePartNm': '감독'}, {'movieCd': '20068915', 'movieNm': '와일드 웨스트 코미디 쇼', 'moviePartNm': '감독'}]"
20100014,데이빗 예이츠,감독,"[{'movieCd': '20176814', 'movieNm': '신비한 동물들과 그린델왈드의 범죄', 'moviePartNm': '감독'}, {'movieCd': '20162365', 'movieNm': '신비한 동물사전', 'moviePartNm': '감독'}, {'movieCd': '20163661', 'movieNm': '레전드 오브 타잔', 'moviePartNm': '감독'}, {'movieCd': '20111009', 'movieNm': '해리포터와 죽음의 성물2', 'moviePartNm': '감독'}, {'movieCd': '20101224', 'movieNm': '해리 포터와 죽음의 성물1', 'moviePartNm': '감독'}, {'movieCd': '20090379', 'movieNm': '해리 포터와 혼혈 왕자', 'moviePartNm': '감독'}, {'movieCd': '20070063', 'movieNm': '해리 포터와 불사조 기사단', 'moviePartNm': '감독'}, {'movieCd': '20051229', 'movieNm': '카페의 소녀', 'moviePartNm': '감독'}]"
20311772,박준수,감독,"[{'movieCd': '20193275', 'movieNm': '브링 더 소울 : 더 무비', 'moviePartNm': '감독'}, {'movieCd': '20183050', 'movieNm': '번 더 스테이지: 더 무비', 'moviePartNm': '감독'}]"
20304809,김민호,감독,"[{'movieCd': '20184481', 'movieNm': '성난황소', 'moviePartNm': '감독'}, {'movieCd': '20184481', 'movieNm': '성난황소', 'moviePartNm': '시나리오(각본)'}, {'movieCd': '20184481', 'movieNm': '성난황소', 'moviePartNm': '기획'}]"
20311469,우시지마 신이치로,감독,"[{'movieCd': '20186822', 'movieNm': '너의 췌장을 먹고 싶어', 'moviePartNm': '감독'}]"
10025466,막심 볼코브,감독,"[{'movieCd': '20183009', 'movieNm': '로빈슨의 언더워터 어드벤처', 'moviePartNm': '감독'}, {'movieCd': '20171369', 'movieNm': '매직울프', 'moviePartNm': '감독'}]"
10013865,라세 할스트롬,감독,"[{'movieCd': '20189843', 'movieNm': '호두까기 인형과 4개의 왕국', 'moviePartNm': '감독'}, {'movieCd': '20183073', 'movieNm': '베일리 어게인', 'moviePartNm': '감독'}, {'movieCd': '20156128', 'movieNm': '로맨틱 레시피', 'moviePartNm': '감독'}, {'movieCd': '20133760', 'movieNm': '세이프 헤이븐', 'moviePartNm': '감독'}, {'movieCd': '20149828', 'movieNm': '최면 전문의', 'moviePartNm': '감독'}, {'movieCd': '20149388', 'movieNm': '사막에서 연어낚시', 'moviePartNm': '감독'}, {'movieCd': '20100098', 'movieNm': '디어 존', 'moviePartNm': '감독'}, {'movieCd': '20100039', 'movieNm': '하치 이야기', 'moviePartNm': '감독'}, {'movieCd': '20068824', 'movieNm': '혹스: 욕망의 법칙', 'moviePartNm': '감독'}, {'movieCd': '20060026', 'movieNm': '카사노바', 'moviePartNm': '감독'}, {'movieCd': '20058989', 'movieNm': '언피니쉬드 라이프', 'moviePartNm': '감독'}, {'movieCd': '20072189', 'movieNm': '쉬핑 뉴스', 'moviePartNm': '감독'}, {'movieCd': '20008116', 'movieNm': '초콜릿', 'moviePartNm': '감독'}, {'movieCd': '20000178', 'movieNm': '사이더 하우스', 'moviePartNm': '감독'}, {'movieCd': '19950374', 'movieNm': '줄리아 로버츠의 사랑게임', 'moviePartNm': '감독'}, {'movieCd': '20040805', 'movieNm': '길버트 그레이프', 'moviePartNm': '감독'}, {'movieCd': '19790103', 'movieNm': '아바', 'moviePartNm': '감독'}]"
10070285,허버트 베일란드,감독,"[{'movieCd': '20183043', 'movieNm': '캡틴 샤키', 'moviePartNm': '감독'}, {'movieCd': '20150255', 'movieNm': '리틀드래곤 코코넛', 'moviePartNm': '감독'}]"
10063620,제이슨 라이트맨,감독,"[{'movieCd': '20196763', 'movieNm': '고스트버스터즈 2020', 'moviePartNm': '감독'}, {'movieCd': '20182669', 'movieNm': '툴리', 'moviePartNm': '감독'}, {'movieCd': '20157236', 'movieNm': '멘, 우먼 & 칠드런', 'moviePartNm': '감독'}, {'movieCd': '20140024', 'movieNm': '레이버 데이', 'moviePartNm': '감독'}, {'movieCd': '20136046', 'movieNm': '영 어덜트', 'moviePartNm': '감독'}, {'movieCd': '20100104', 'movieNm': '인 디 에어', 'moviePartNm': '감독'}, {'movieCd': '20080054', 'movieNm': '주노', 'moviePartNm': '감독'}, {'movieCd': '20058300', 'movieNm': '흡연, 감사합니다', 'moviePartNm': '감독'}]"
10072117,최국희,감독,"[{'movieCd': '20177552', 'movieNm': '국가부도의 날', 'moviePartNm': '감독'}, {'movieCd': '20163521', 'movieNm': '스플릿', 'moviePartNm': '감독'}, {'movieCd': '20163521', 'movieNm': '스플릿', 'moviePartNm': '시나리오(각본)'}, {'movieCd': '20060298', 'movieNm': '8월의 일요일들', 'moviePartNm': '배우'}, {'movieCd': '20050106', 'movieNm': '극장전', 'moviePartNm': '연출팀'}, {'movieCd': '20080359', 'movieNm': '그날 밤의 축제', 'moviePartNm': '감독'}, {'movieCd': '20080359', 'movieNm': '그날 밤의 축제', 'moviePartNm': '시나리오(각본)'}, {'movieCd': '20163022', 'movieNm': '삶은 전진하고', 'moviePartNm': '감독'}, {'movieCd': '20163023', 'movieNm': '청춘, 외대앞', 'moviePartNm': '감독'}, {'movieCd': '20021017', 'movieNm': '블루 디코딩', 'moviePartNm': '감독'}]"
10009928,오토 바서스트,감독,"[{'movieCd': '20181905', 'movieNm': '후드', 'moviePartNm': '감독'}]"
10032981,빅터 아즈에프,감독,"[{'movieCd': '20182966', 'movieNm': '투 프렌즈', 'moviePartNm': '감독'}]"
20178840,페드 알바레즈,감독,"[{'movieCd': '20183007', 'movieNm': '거미줄에 걸린 소녀', 'moviePartNm': '감독'}, {'movieCd': '20167481', 'movieNm': '맨 인 더 다크', 'moviePartNm': '감독'}, {'movieCd': '20133165', 'movieNm': '이블 데드', 'moviePartNm': '감독'}]"
10054870,이권,감독,"[{'movieCd': '20179230', 'movieNm': '도어락', 'moviePartNm': '감독'}, {'movieCd': '20179230', 'movieNm': '도어락', 'moviePartNm': '시나리오(각본)'}, {'movieCd': '20141598', 'movieNm': '타이밍', 'moviePartNm': '시나리오(각본)'}, {'movieCd': '20149441', 'movieNm': '내 연애의 기억', 'moviePartNm': '감독'}, {'movieCd': '20149441', 'movieNm': '내 연애의 기억', 'moviePartNm': '시나리오(각본)'}, {'movieCd': '20070023', 'movieNm': '어깨 너머의 연인', 'moviePartNm': '광고디자인'}, {'movieCd': '20070293', 'movieNm': '꽃미남 연쇄 테러 사건', 'moviePartNm': '감독'}, {'movieCd': '20070293', 'movieNm': '꽃미남 연쇄 테러 사건', 'moviePartNm': '스토리보드'}, {'movieCd': '20020197', 'movieNm': '서프라이즈', 'moviePartNm': '스토리보드'}, {'movieCd': '20010007', 'movieNm': '고양이를 부탁해', 'moviePartNm': '스토리보드'}, {'movieCd': '20010007', 'movieNm': '고양이를 부탁해', 'moviePartNm': '예고편'}, {'movieCd': '20028670', 'movieNm': '겁쟁이들이 더 흉폭하다', 'moviePartNm': '감독'}]"
10051181,크리스찬 리버스,감독,"[{'movieCd': '20178825', 'movieNm': '모털 엔진', 'moviePartNm': '감독'}]"
10054516,윤준상,감독,"[{'movieCd': '20183745', 'movieNm': '런닝맨 : 풀룰루의 역습', 'moviePartNm': '감독'}, {'movieCd': '20060912', 'movieNm': '초혼', 'moviePartNm': '감독'}, {'movieCd': '20060912', 'movieNm': '초혼', 'moviePartNm': '편집'}, {'movieCd': '20060912', 'movieNm': '초혼', 'moviePartNm': '스토리보드'}, {'movieCd': '20060912', 'movieNm': '초혼', 'moviePartNm': '시나리오(각본)'}]"
20311974,강유선,감독,"[{'movieCd': '20183650', 'movieNm': '번개맨의 비밀', 'moviePartNm': '감독'}]"
10023306,도노반 마시,감독,"[{'movieCd': '20183288', 'movieNm': '헌터 킬러', 'moviePartNm': '감독'}]"
10062679,밥 퍼시케티,감독,"[{'movieCd': '20183238', 'movieNm': '스파이더맨: 뉴 유니버스', 'moviePartNm': '감독'}]"
10000946,강형철,감독,"[{'movieCd': '20175547', 'movieNm': '스윙키즈', 'moviePartNm': '감독'}, {'movieCd': '20175547', 'movieNm': '스윙키즈', 'moviePartNm': '시나리오(각본)'}, {'movieCd': '20134804', 'movieNm': '타짜-신의 손', 'moviePartNm': '감독'}, {'movieCd': '20134804', 'movieNm': '타짜-신의 손', 'moviePartNm': '시나리오(각본)'}, {'movieCd': '20111250', 'movieNm': '써니 감독판', 'moviePartNm': '감독'}, {'movieCd': '20111250', 'movieNm': '써니 감독판', 'moviePartNm': '시나리오(각본)'}, {'movieCd': '20110193', 'movieNm': '써니', 'moviePartNm': '감독'}, {'movieCd': '20110193', 'movieNm': '써니', 'moviePartNm': '시나리오(각본)'}, {'movieCd': '20081672', 'movieNm': '과속스캔들', 'moviePartNm': '감독'}, {'movieCd': '20081672', 'movieNm': '과속스캔들', 'moviePartNm': '시나리오(각본)'}]"
10083870,폴 페이그,감독,"[{'movieCd': '20182082', 'movieNm': '부탁 하나만 들어줘', 'moviePartNm': '감독'}, {'movieCd': '20162404', 'movieNm': '고스트버스터즈', 'moviePartNm': '감독'}, {'movieCd': '20158621', 'movieNm': '스파이', 'moviePartNm': '감독'}, {'movieCd': '20136889', 'movieNm': '더 히트', 'moviePartNm': '감독'}, {'movieCd': '20112121', 'movieNm': '내 여자친구의 결혼식', 'moviePartNm': '감독'}, {'movieCd': '20068793', 'movieNm': '성탄절 전야의 공항 대소동', 'moviePartNm': '감독'}, {'movieCd': '20031050', 'movieNm': '아이 엠 데이빗', 'moviePartNm': '감독'}]"
10062703,제니퍼 웨스트콧,감독,"[{'movieCd': '20183685', 'movieNm': '엘리엇과 산타 썰매단', 'moviePartNm': '감독'}]"
10064265,제임스 완,감독,"[{'movieCd': '20180290', 'movieNm': '아쿠아맨', 'moviePartNm': '감독'}, {'movieCd': '20161081', 'movieNm': '애나벨 : 인형의 주인', 'moviePartNm': '제작'}, {'movieCd': '20162941', 'movieNm': '컨저링 2', 'moviePartNm': '감독'}, {'movieCd': '20143580', 'movieNm': '분노의 질주: 더 세븐', 'moviePartNm': '감독'}, {'movieCd': '20135657', 'movieNm': '인시디어스: 두번째 집', 'moviePartNm': '감독'}, {'movieCd': '20131381', 'movieNm': '컨저링', 'moviePartNm': '감독'}, {'movieCd': '20127446', 'movieNm': '인시디어스', 'moviePartNm': '감독'}, {'movieCd': '20078495', 'movieNm': '데드 사일런스', 'moviePartNm': '감독'}, {'movieCd': '20050014', 'movieNm': '쏘우', 'moviePartNm': '감독'}]"
20111283,우민호,감독,"[{'movieCd': '20180939', 'movieNm': '남산의 부장들', 'moviePartNm': '감독'}, {'movieCd': '20180939', 'movieNm': '남산의 부장들', 'moviePartNm': '시나리오(각본)'}, {'movieCd': '20168773', 'movieNm': '마약왕', 'moviePartNm': '감독'}, {'movieCd': '20168773', 'movieNm': '마약왕', 'moviePartNm': '시나리오(각본)'}, {'movieCd': '20168773', 'movieNm': '마약왕', 'moviePartNm': '제작'}, {'movieCd': '20150025', 'movieNm': '내부자들: 디 오리지널', 'moviePartNm': '감독'}, {'movieCd': '20149314', 'movieNm': '내부자들', 'moviePartNm': '감독'}, {'movieCd': '20149314', 'movieNm': '내부자들', 'moviePartNm': '시나리오(각본)'}, {'movieCd': '20124400', 'movieNm': '간첩', 'moviePartNm': '감독'}, {'movieCd': '20124400', 'movieNm': '간첩', 'moviePartNm': '시나리오(각본)'}, {'movieCd': '20100353', 'movieNm': '파괴된 사나이', 'moviePartNm': '감독'}, {'movieCd': '20100353', 'movieNm': '파괴된 사나이', 'moviePartNm': '시나리오(각본)'}, {'movieCd': '20060876', 'movieNm': '누가 예수를 죽였는가?', 'moviePartNm': '감독'}, {'movieCd': '20060876', 'movieNm': '누가 예수를 죽였는가?', 'moviePartNm': '시나리오(각본)'}]"
20114371,타카하시 와타루,감독,"[{'movieCd': '20183479', 'movieNm': '극장판 짱구는 못말려: 아뵤! 쿵후 보이즈 ~라면 대란~', 'moviePartNm': '감독'}, {'movieCd': '20167285', 'movieNm': '짱구는 못말려 극장판: 폭풍수면! 꿈꾸는 세계 대돌격', 'moviePartNm': '감독'}, {'movieCd': '20158461', 'movieNm': '짱구는 못말려 극장판 : 정면승부! 로봇아빠의 역습', 'moviePartNm': '감독'}, {'movieCd': '20112163', 'movieNm': '극장판 아따맘마3D : 엄마는 초능력자', 'moviePartNm': '감독'}]"
10050389,야지마 테츠오,감독,"[{'movieCd': '20183375', 'movieNm': '극장판 포켓몬스터 모두의 이야기', 'moviePartNm': '감독'}]"
10004291,김병우,감독,"[{'movieCd': '20170658', 'movieNm': 'PMC: 더 벙커', 'moviePartNm': '감독'}, {'movieCd': '20170658', 'movieNm': 'PMC: 더 벙커', 'moviePartNm': '시나리오(각본)'}, {'movieCd': '20136052', 'movieNm': '더 테러 라이브', 'moviePartNm': '감독'}, {'movieCd': '20136052', 'movieNm': '더 테러 라이브', 'moviePartNm': '시나리오(각본)'}, {'movieCd': '20070587', 'movieNm': '리튼', 'moviePartNm': '감독'}, {'movieCd': '20070587', 'movieNm': '리튼', 'moviePartNm': '편집'}, {'movieCd': '20070587', 'movieNm': '리튼', 'moviePartNm': '시나리오(각본)'}, {'movieCd': '20031146', 'movieNm': '아나모픽', 'moviePartNm': '감독'}, {'movieCd': '20031146', 'movieNm': '아나모픽', 'moviePartNm': '시나리오(각본)'}]"
20245489,트래비스 나이트,감독,"[{'movieCd': '20186281', 'movieNm': '범블비', 'moviePartNm': '감독'}, {'movieCd': '20160781', 'movieNm': '쿠보와 전설의 악기', 'moviePartNm': '감독'}]"
20312035,한상호,감독,"[{'movieCd': '20183785', 'movieNm': '점박이 한반도의 공룡2 : 새로운 낙원', 'moviePartNm': '감독'}, {'movieCd': '20183785', 'movieNm': '점박이 한반도의 공룡2 : 새로운 낙원', 'moviePartNm': '시나리오(각본)'}, {'movieCd': '20183785', 'movieNm': '점박이 한반도의 공룡2 : 새로운 낙원', 'moviePartNm': '원작'}, {'movieCd': '20183785', 'movieNm': '점박이 한반도의 공룡2 : 새로운 낙원', 'moviePartNm': '각색'}, {'movieCd': '20100215', 'movieNm': '점박이:한반도의 공룡3D', 'moviePartNm': '감독'}, {'movieCd': '20100215', 'movieNm': '점박이:한반도의 공룡3D', 'moviePartNm': '시나리오(각본)'}, {'movieCd': '20100215', 'movieNm': '점박이:한반도의 공룡3D', 'moviePartNm': '기획'}]"
20121802,리치 무어,감독,"[{'movieCd': '20189463', 'movieNm': '주먹왕 랄프 2: 인터넷 속으로', 'moviePartNm': '감독'}, {'movieCd': '20155501', 'movieNm': '주토피아', 'moviePartNm': '감독'}, {'movieCd': '20129388', 'movieNm': '주먹왕 랄프', 'moviePartNm': '감독'}, {'movieCd': '19998077', 'movieNm': '심슨 가족', 'moviePartNm': '감독'}, {'movieCd': '19998175', 'movieNm': '퓨쳐라마', 'moviePartNm': '감독'}]"
10000970,강효진,감독,"[{'movieCd': '20176251', 'movieNm': '내안의 그놈', 'moviePartNm': '감독'}, {'movieCd': '20189122', 'movieNm': '양아치 느와르', 'moviePartNm': '감독'}, {'movieCd': '20189122', 'movieNm': '양아치 느와르', 'moviePartNm': '제작'}, {'movieCd': '20189122', 'movieNm': '양아치 느와르', 'moviePartNm': '시나리오(각본)'}, {'movieCd': '20162970', 'movieNm': '폭력의 법칙: 나쁜 피 두 번째 이야기', 'moviePartNm': '감독'}, {'movieCd': '20162970', 'movieNm': '폭력의 법칙: 나쁜 피 두 번째 이야기', 'moviePartNm': '시나리오(각본)'}, {'movieCd': '20162970', 'movieNm': '폭력의 법칙: 나쁜 피 두 번째 이야기', 'moviePartNm': '작사/작곡/편곡'}, {'movieCd': '20162970', 'movieNm': '폭력의 법칙: 나쁜 피 두 번째 이야기', 'moviePartNm': '제작'}, {'movieCd': '20162970', 'movieNm': '폭력의 법칙: 나쁜 피 두 번째 이야기', 'moviePartNm': '기획'}, {'movieCd': '20143513', 'movieNm': '미쓰 와이프', 'moviePartNm': '감독'}, {'movieCd': '20143513', 'movieNm': '미쓰 와이프', 'moviePartNm': '각색'}, {'movieCd': '20128506', 'movieNm': '나쁜 피', 'moviePartNm': '감독'}, {'movieCd': '20128506', 'movieNm': '나쁜 피', 'moviePartNm': '배우'}, {'movieCd': '20128506', 'movieNm': '나쁜 피', 'moviePartNm': '시나리오(각본)'}, {'movieCd': '20128506', 'movieNm': '나쁜 피', 'moviePartNm': '제작'}, {'movieCd': '20090939', 'movieNm': '육혈포 강도단', 'moviePartNm': '감독'}, {'movieCd': '20090939', 'movieNm': '육혈포 강도단', 'moviePartNm': '시나리오(각본)'}, {'movieCd': '20070500', 'movieNm': '펀치레이디', 'moviePartNm': '감독'}, {'movieCd': '20070500', 'movieNm': '펀치레이디', 'moviePartNm': '시나리오(각본)'}, {'movieCd': '20081125', 'movieNm': '맨손으로 죽여라?', 'moviePartNm': '감독'}, {'movieCd': '20081125', 'movieNm': '맨손으로 죽여라?', 'moviePartNm': '시나리오(각본)'}, {'movieCd': '20010014', 'movieNm': '조폭마누라', 'moviePartNm': '시나리오(각본)'}]"
10086073,피터 패럴리,감독,"[{'movieCd': '20184574', 'movieNm': '그린 북', 'moviePartNm': '감독'}, {'movieCd': '20149287', 'movieNm': '덤 앤 더머 투', 'moviePartNm': '감독'}, {'movieCd': '20135112', 'movieNm': '바보 삼총사', 'moviePartNm': '감독'}, {'movieCd': '20135795', 'movieNm': '홀 패스', 'moviePartNm': '감독'}, {'movieCd': '20078497', 'movieNm': '하트브레이크 키드', 'moviePartNm': '감독'}, {'movieCd': '20050249', 'movieNm': '날 미치게하는 남자', 'moviePartNm': '감독'}, {'movieCd': '20040493', 'movieNm': '붙어야 산다', 'moviePartNm': '감독'}, {'movieCd': '20020077', 'movieNm': '내겐 너무 가벼운 그녀', 'moviePartNm': '감독'}, {'movieCd': '20000237', 'movieNm': '미, 마이셀프 앤드 아이린', 'moviePartNm': '감독'}, {'movieCd': '19980220', 'movieNm': '메리에겐 뭔가 특별한 것이 있다 ', 'moviePartNm': '감독'}, {'movieCd': '19960332', 'movieNm': '킹 핀 ', 'moviePartNm': '감독'}, {'movieCd': '19940423', 'movieNm': '덤 앤 더머 ', 'moviePartNm': '감독'}, {'movieCd': '19940423', 'movieNm': '덤 앤 더머 ', 'moviePartNm': '시나리오(각본)'}]"
10091491,M. 나이트 샤말란,감독,"[{'movieCd': '20182544', 'movieNm': '글래스', 'moviePartNm': '감독'}, {'movieCd': '20170241', 'movieNm': '23 아이덴티티', 'moviePartNm': '감독'}, {'movieCd': '20155639', 'movieNm': '더 비지트', 'moviePartNm': '감독'}, {'movieCd': '20137426', 'movieNm': '애프터 어스', 'moviePartNm': '감독'}, {'movieCd': '20100767', 'movieNm': '라스트 에어벤더', 'moviePartNm': '감독'}, {'movieCd': '20080829', 'movieNm': '해프닝', 'moviePartNm': '감독'}, {'movieCd': '20060215', 'movieNm': '레이디 인 더 워터', 'moviePartNm': '감독'}, {'movieCd': '20040650', 'movieNm': '빌리지', 'moviePartNm': '감독'}, {'movieCd': '20020214', 'movieNm': '싸인', 'moviePartNm': '감독'}, {'movieCd': '20000313', 'movieNm': '언브레이커블', 'moviePartNm': '감독'}, {'movieCd': '19990265', 'movieNm': '식스 센스', 'moviePartNm': '감독'}, {'movieCd': '19988034', 'movieNm': '와이드 어웨이크', 'moviePartNm': '감독'}]"
10089218,호소다 마모루,감독,"[{'movieCd': '20182588', 'movieNm': '미래의 미라이', 'moviePartNm': '감독'}, {'movieCd': '20157175', 'movieNm': '괴물의 아이', 'moviePartNm': '감독'}, {'movieCd': '20127494', 'movieNm': '늑대아이', 'moviePartNm': '감독'}, {'movieCd': '20090445', 'movieNm': '썸머 워즈', 'moviePartNm': '감독'}, {'movieCd': '20070216', 'movieNm': '시간을 달리는 소녀', 'moviePartNm': '감독'}, {'movieCd': '20058729', 'movieNm': '원피스 6기 극장판 : 오마츠리 남작과 비밀의 섬', 'moviePartNm': '감독'}, {'movieCd': '20137381', 'movieNm': '게게게 키타로: 키타로의 유령전철', 'moviePartNm': '감독'}]"
10077612,크리스토퍼 젠킨스,감독,"[{'movieCd': '20182044', 'movieNm': '구스 베이비', 'moviePartNm': '감독'}, {'movieCd': '20140145', 'movieNm': '홈', 'moviePartNm': '제작'}, {'movieCd': '20070117', 'movieNm': '서핑 업', 'moviePartNm': '제작'}, {'movieCd': '19970201', 'movieNm': '월트디즈니의 헤라클레스 ', 'moviePartNm': '애니메이션팀'}, {'movieCd': '19960218', 'movieNm': '월트디즈니의 노틀담의 꼽추 ', 'moviePartNm': '애니메이션팀'}, {'movieCd': '19940256', 'movieNm': '라이온 킹', 'moviePartNm': '애니메이션팀'}, {'movieCd': '20135974', 'movieNm': '알라딘', 'moviePartNm': '애니메이션팀'}, {'movieCd': '19920231', 'movieNm': '미녀와 야수', 'moviePartNm': '애니메이션팀'}, {'movieCd': '19970306', 'movieNm': '인어공주 ', 'moviePartNm': '애니메이션팀'}]"
20125862,이병헌,감독,"[{'movieCd': '20182530', 'movieNm': '극한직업', 'moviePartNm': '감독'}, {'movieCd': '20177005', 'movieNm': '레슬러', 'moviePartNm': '각색'}, {'movieCd': '20153447', 'movieNm': '바람 바람 바람', 'moviePartNm': '감독'}, {'movieCd': '20153447', 'movieNm': '바람 바람 바람', 'moviePartNm': '각색'}, {'movieCd': '20148845', 'movieNm': '스물', 'moviePartNm': '감독'}, {'movieCd': '20148845', 'movieNm': '스물', 'moviePartNm': '시나리오(각본)'}, {'movieCd': '20142407', 'movieNm': '오늘의 연애', 'moviePartNm': '시나리오(각본)'}, {'movieCd': '20134804', 'movieNm': '타짜-신의 손', 'moviePartNm': '각색'}, {'movieCd': '20122123', 'movieNm': '힘내세요, 병헌씨', 'moviePartNm': '감독'}, {'movieCd': '20122123', 'movieNm': '힘내세요, 병헌씨', 'moviePartNm': '배우'}, {'movieCd': '20122123', 'movieNm': '힘내세요, 병헌씨', 'moviePartNm': '시나리오(각본)'}, {'movieCd': '20122123', 'movieNm': '힘내세요, 병헌씨', 'moviePartNm': '제작'}, {'movieCd': '20113636', 'movieNm': '네버엔딩 스토리', 'moviePartNm': '시나리오(각본)'}, {'movieCd': '20110193', 'movieNm': '써니', 'moviePartNm': '스크립터'}, {'movieCd': '20110193', 'movieNm': '써니', 'moviePartNm': '각색'}, {'movieCd': '20081672', 'movieNm': '과속스캔들', 'moviePartNm': '각색'}, {'movieCd': '20128616', 'movieNm': '냄새는 난다', 'moviePartNm': '감독'}]"
20285309,심달기,감독,"[{'movieCd': '20181416', 'movieNm': '유열의 음악앨범', 'moviePartNm': '배우'}, {'movieCd': '20187981', 'movieNm': '배심원들', 'moviePartNm': '배우'}, {'movieCd': '20183369', 'movieNm': '동아', 'moviePartNm': '배우'}, {'movieCd': '20183350', 'movieNm': '미나', 'moviePartNm': '배우'}, {'movieCd': '20180694', 'movieNm': '세 마리', 'moviePartNm': '배우'}, {'movieCd': '20197508', 'movieNm': '인서트', 'moviePartNm': '배우'}, {'movieCd': '20183444', 'movieNm': '흉', 'moviePartNm': '배우'}, {'movieCd': '20175928', 'movieNm': '아무개의 잠재의식과 영역', 'moviePartNm': '감독'}, {'movieCd': '20192664', 'movieNm': '페르소나', 'moviePartNm': '배우'}]"
20193013,강상우,감독,"[{'movieCd': '20181104', 'movieNm': '김군', 'moviePartNm': '감독'}, {'movieCd': '20181104', 'movieNm': '김군', 'moviePartNm': '촬영'}, {'movieCd': '20181104', 'movieNm': '김군', 'moviePartNm': '편집'}, {'movieCd': '20132801', 'movieNm': '파스카', 'moviePartNm': '데이타매니저'}, {'movieCd': '20123662', 'movieNm': '만신', 'moviePartNm': '연출팀'}, {'movieCd': '20101269', 'movieNm': '백서', 'moviePartNm': '감독'}, {'movieCd': '20190798', 'movieNm': '우리는 없는 것처럼', 'moviePartNm': '감독'}, {'movieCd': '20190797', 'movieNm': '안마도', 'moviePartNm': '감독'}, {'movieCd': '20145469', 'movieNm': '클린 미', 'moviePartNm': '감독'}, {'movieCd': '20190805', 'movieNm': '어느 게이 소년의 죽음', 'moviePartNm': '감독'}, {'movieCd': '20190799', 'movieNm': '5월 단편 상상극장-강상우 감독전', 'moviePartNm': '감독'}, {'movieCd': '20157043', 'movieNm': '개막작 - 2015 전북독립영화제', 'moviePartNm': '감독'}, {'movieCd': '20151043', 'movieNm': '제14회 미쟝센 단편영화제 비정성시1', 'moviePartNm': '감독'}, {'movieCd': '20151330', 'movieNm': '제15회 한국 퀴어 영화제 국내단편2 : 나를 찾는 욕망', 'moviePartNm': '감독'}, {'movieCd': '20156847', 'movieNm': '욕망의 밀회', 'moviePartNm': '감독'}, {'movieCd': '20150333', 'movieNm': '인디포럼2015 고백의 기술', 'moviePartNm': '감독'}]"
10043130,안드레스 코투리어,감독,"[{'movieCd': '20189385', 'movieNm': '몬스터 파크', 'moviePartNm': '감독'}]"
20183664,한준희,감독,"[{'movieCd': '20180868', 'movieNm': '뺑반', 'moviePartNm': '감독'}, {'movieCd': '20180868', 'movieNm': '뺑반', 'moviePartNm': '시나리오(각본)'}, {'movieCd': '20149266', 'movieNm': '차이나타운', 'moviePartNm': '감독'}, {'movieCd': '20149266', 'movieNm': '차이나타운', 'moviePartNm': '시나리오(각본)'}, {'movieCd': '20134407', 'movieNm': '사이코메트리', 'moviePartNm': '시나리오(각본)'}, {'movieCd': '20139622', 'movieNm': '시나리오 가이드', 'moviePartNm': '감독'}, {'movieCd': '20139622', 'movieNm': '시나리오 가이드', 'moviePartNm': '시나리오(각본)'}]"
10013583,딘 데블로이스,감독,"[{'movieCd': '20186261', 'movieNm': '드래곤 길들이기 3', 'moviePartNm': '감독'}, {'movieCd': '20186261', 'movieNm': '드래곤 길들이기 3', 'moviePartNm': '시나리오(각본)'}, {'movieCd': '20131248', 'movieNm': '드래곤 길들이기 2', 'moviePartNm': '감독'}, {'movieCd': '20100190', 'movieNm': '드래곤 길들이기', 'moviePartNm': '감독'}, {'movieCd': '20078035', 'movieNm': '헤이마', 'moviePartNm': '감독'}, {'movieCd': '20020152', 'movieNm': '릴로와 스티치', 'moviePartNm': '감독'}]"
10006823,나딘 라바키,감독,"[{'movieCd': '20184896', 'movieNm': '가버나움', 'moviePartNm': '감독'}, {'movieCd': '20184896', 'movieNm': '가버나움', 'moviePartNm': '배우'}, {'movieCd': '20159041', 'movieNm': '사랑해, 리우', 'moviePartNm': '감독'}, {'movieCd': '20080477', 'movieNm': '카라멜', 'moviePartNm': '감독'}, {'movieCd': '20080477', 'movieNm': '카라멜', 'moviePartNm': '배우'}]"
10016605,로버트 로드리게즈,감독,"[{'movieCd': '20188282', 'movieNm': '알리타: 배틀 엔젤', 'moviePartNm': '감독'}, {'movieCd': '20134069', 'movieNm': '씬 시티: 다크히어로의 부활', 'moviePartNm': '감독'}, {'movieCd': '20135464', 'movieNm': '마세티 킬즈', 'moviePartNm': '감독'}, {'movieCd': '20134002', 'movieNm': '스파이키드4 : 올더타임인더월드', 'moviePartNm': '감독'}, {'movieCd': '20119999', 'movieNm': '마셰티', 'moviePartNm': '감독'}, {'movieCd': '20098242', 'movieNm': '쇼츠', 'moviePartNm': '감독'}, {'movieCd': '20080877', 'movieNm': '플래닛 테러', 'moviePartNm': '감독'}, {'movieCd': '20080340', 'movieNm': '그라인드 하우스', 'moviePartNm': '감독'}, {'movieCd': '20050147', 'movieNm': '샤크보이와 라바걸의 모험 : 3-D', 'moviePartNm': '감독'}, {'movieCd': '20040459', 'movieNm': '스파이 키드 3D', 'moviePartNm': '감독'}, {'movieCd': '20072172', 'movieNm': '원스 어폰 어 타임 인 멕시코 ', 'moviePartNm': '감독'}, {'movieCd': '20030261', 'movieNm': '스파이 키드 2', 'moviePartNm': '감독'}, {'movieCd': '20010222', 'movieNm': '스파이 키드', 'moviePartNm': '감독'}, {'movieCd': '19990200', 'movieNm': '패컬티', 'moviePartNm': '감독'}, {'movieCd': '19980210', 'movieNm': '황혼에서 새벽까지', 'moviePartNm': '감독'}, {'movieCd': '19960136', 'movieNm': '포 룸 ', 'moviePartNm': '감독'}, {'movieCd': '20136053', 'movieNm': '엘 마리아치', 'moviePartNm': '감독'}]"
20327892,이한상,감독,"[{'movieCd': '20193845', 'movieNm': '인터뷰', 'moviePartNm': '감독'}]"
20288290,이한조,감독,"[{'movieCd': '20177244', 'movieNm': '악질', 'moviePartNm': '감독'}]"
10022687,마이크 미첼,감독,"[{'movieCd': '20185444', 'movieNm': '레고 무비2', 'moviePartNm': '감독'}, {'movieCd': '20161744', 'movieNm': '트롤', 'moviePartNm': '감독'}, {'movieCd': '20113311', 'movieNm': '앨빈과 슈퍼밴드3', 'moviePartNm': '감독'}, {'movieCd': '20100333', 'movieNm': '슈렉 포에버', 'moviePartNm': '감독'}, {'movieCd': '20058064', 'movieNm': '스카이 하이', 'moviePartNm': '감독'}, {'movieCd': '20040746', 'movieNm': '서바이빙 크리스마스', 'moviePartNm': '감독'}, {'movieCd': '20000277', 'movieNm': '듀스 비갈로', 'moviePartNm': '감독'}]"
10077478,크리스토퍼 랜던,감독,"[{'movieCd': '20195915', 'movieNm': '해피 데스데이 2 유', 'moviePartNm': '감독'}, {'movieCd': '20174622', 'movieNm': '해피 데스데이', 'moviePartNm': '감독'}, {'movieCd': '20149422', 'movieNm': '파라노말 액티비티 : 더 마크드 원스', 'moviePartNm': '감독'}]"
10018173,롭 마샬,감독,"[{'movieCd': '20184888', 'movieNm': '메리 포핀스 리턴즈', 'moviePartNm': '감독'}, {'movieCd': '20143422', 'movieNm': '숲속으로', 'moviePartNm': '감독'}, {'movieCd': '20110294', 'movieNm': '캐리비안의 해적: 낯선 조류', 'moviePartNm': '감독'}, {'movieCd': '20090891', 'movieNm': '나인', 'moviePartNm': '감독'}, {'movieCd': '20050362', 'movieNm': '게이샤의 추억', 'moviePartNm': '감독'}, {'movieCd': '20030028', 'movieNm': '시카고', 'moviePartNm': '감독'}]"
20115431,야마모토 야스이치로,감독,"[{'movieCd': '20178881', 'movieNm': '명탐정 코난: 에피소드 원-작아진 명탐정', 'moviePartNm': '감독'}, {'movieCd': '20155761', 'movieNm': '명탐정 코난 : 코난 실종사건 - 사상 최악의 이틀', 'moviePartNm': '감독'}, {'movieCd': '20127306', 'movieNm': '명탐정 코난: 11번째 스트라이커', 'moviePartNm': '감독'}, {'movieCd': '20100378', 'movieNm': '명탐정 코난: 천공의 난파선', 'moviePartNm': '감독'}, {'movieCd': '20162003', 'movieNm': '명탐정 코난:전율의 악보', 'moviePartNm': '감독'}, {'movieCd': '20078561', 'movieNm': '명탐정 코난:감벽의 관', 'moviePartNm': '감독'}, {'movieCd': '20068659', 'movieNm': '명탐정 코난 : 탐정들의 진혼가 ', 'moviePartNm': '감독'}, {'movieCd': '20058720', 'movieNm': '명탐정 코난 : 수평선상의 음모', 'moviePartNm': '감독'}, {'movieCd': '20048799', 'movieNm': '명탐정 코난:은빛 날개의 마술사', 'moviePartNm': '감독'}]"
10060462,장재현,감독,"[{'movieCd': '20177539', 'movieNm': '사바하', 'moviePartNm': '감독'}, {'movieCd': '20177539', 'movieNm': '사바하', 'moviePartNm': '시나리오(각본)'}, {'movieCd': '20161923', 'movieNm': '시간위의 집', 'moviePartNm': '시나리오(각본)'}, {'movieCd': '20145503', 'movieNm': '검은 사제들', 'moviePartNm': '감독'}, {'movieCd': '20145503', 'movieNm': '검은 사제들', 'moviePartNm': '시나리오(각본)'}, {'movieCd': '20124079', 'movieNm': '광해, 왕이 된 남자', 'moviePartNm': '배우'}, {'movieCd': '20124079', 'movieNm': '광해, 왕이 된 남자', 'moviePartNm': '연출팀'}, {'movieCd': '20110906', 'movieNm': '특수본', 'moviePartNm': '연출팀'}, {'movieCd': '20100566', 'movieNm': '바다', 'moviePartNm': '연출팀'}, {'movieCd': '20100566', 'movieNm': '바다', 'moviePartNm': '스크립터'}, {'movieCd': '20148592', 'movieNm': '12번째 보조사제', 'moviePartNm': '감독'}, {'movieCd': '20119450', 'movieNm': '버스', 'moviePartNm': '감독'}, {'movieCd': '20111918', 'movieNm': '인도에서 온 말리', 'moviePartNm': '감독'}, {'movieCd': '20162742', 'movieNm': '어둑시니: 두려움을 먹는 자', 'moviePartNm': '감독'}, {'movieCd': '20168624', 'movieNm': '오오단편극장 - 이학주 배우전', 'moviePartNm': '감독'}, {'movieCd': '20150393', 'movieNm': '1월 단편 상상극장-해피 뉴 스타', 'moviePartNm': '감독'}, {'movieCd': '20151056', 'movieNm': '제14회 미쟝센 단편영화제 전년도 수상작1', 'moviePartNm': '감독'}, {'movieCd': '20149358', 'movieNm': '제13회 미쟝센 단편영화제 심야의 절대구타 360', 'moviePartNm': '감독'}, {'movieCd': '20149329', 'movieNm': '제13회 미쟝센 단편영화제 절대악몽1', 'moviePartNm': '감독'}]"
10020816,린 사우더랜드,감독,"[{'movieCd': '20195743', 'movieNm': '신데렐라:마법 반지의 비밀', 'moviePartNm': '감독'}, {'movieCd': '20048050', 'movieNm': '뮬란 2', 'moviePartNm': '감독'}]"
10087600,한스 페터 몰란트,감독,"[{'movieCd': '20185576', 'movieNm': '콜드 체이싱', 'moviePartNm': '감독'}, {'movieCd': '20163225', 'movieNm': '미결처리반 Q: 믿음의 음모', 'moviePartNm': '감독'}, {'movieCd': '20156964', 'movieNm': '사라짐의 순서', 'moviePartNm': '감독'}, {'movieCd': '20138293', 'movieNm': '거품이 사라지면 ', 'moviePartNm': '감독'}, {'movieCd': '20134757', 'movieNm': '페더젠 동지', 'moviePartNm': '감독'}, {'movieCd': '20048738', 'movieNm': '아름다운 나라', 'moviePartNm': '감독'}]"
10065839,조민호,감독,"[{'movieCd': '20196601', 'movieNm': '항거:유관순 이야기', 'moviePartNm': '감독'}, {'movieCd': '20196601', 'movieNm': '항거:유관순 이야기', 'moviePartNm': '시나리오(각본)'}, {'movieCd': '20196601', 'movieNm': '항거:유관순 이야기', 'moviePartNm': '제작'}, {'movieCd': '20196601', 'movieNm': '항거:유관순 이야기', 'moviePartNm': '기획'}, {'movieCd': '20090389', 'movieNm': '10억', 'moviePartNm': '감독'}, {'movieCd': '20090389', 'movieNm': '10억', 'moviePartNm': '시나리오(각본)'}, {'movieCd': '20090389', 'movieNm': '10억', 'moviePartNm': '작사/작곡/편곡'}, {'movieCd': '20060138', 'movieNm': '강적', 'moviePartNm': '감독'}, {'movieCd': '20060138', 'movieNm': '강적', 'moviePartNm': '시나리오(각본)'}, {'movieCd': '20030441', 'movieNm': '이공', 'moviePartNm': '감독'}, {'movieCd': '20020103', 'movieNm': '정글쥬스', 'moviePartNm': '감독'}, {'movieCd': '20020103', 'movieNm': '정글쥬스', 'moviePartNm': '시나리오(각본)'}, {'movieCd': '20119381', 'movieNm': '굿바이 칠드런', 'moviePartNm': '감독'}, {'movieCd': '20127779', 'movieNm': '우리시대의 남자 ', 'moviePartNm': '감독'}]"
20189605,김유성,감독,"[{'movieCd': '20149473', 'movieNm': '사랑의 대화', 'moviePartNm': '감독'}, {'movieCd': '20149730', 'movieNm': '판타스틱 단편 걸작선 4', 'moviePartNm': '감독'}]"
20208964,박수진,감독,"[{'movieCd': '20159265', 'movieNm': '부베이 부', 'moviePartNm': '감독'}, {'movieCd': '20155247', 'movieNm': '인디애니페스트2015-파노라마2-집으로', 'moviePartNm': '감독'}]"
10042886,애너 보든,감독,"[{'movieCd': '20181877', 'movieNm': '캡틴 마블', 'moviePartNm': '감독'}, {'movieCd': '20122007', 'movieNm': '이츠 카인드 오브 어 퍼니 스토리', 'moviePartNm': '감독'}, {'movieCd': '20088663', 'movieNm': '슈거', 'moviePartNm': '감독'}]"
10051453,라파엘 리바스,감독,"[{'movieCd': '20177282', 'movieNm': '리노', 'moviePartNm': '감독'}]"
10033009,비욘 룬게,감독,"[{'movieCd': '20196323', 'movieNm': '더 와이프', 'moviePartNm': '감독'}, {'movieCd': '20135888', 'movieNm': '해피 엔드', 'moviePartNm': '감독'}, {'movieCd': '20058939', 'movieNm': '마우스 투 마우스', 'moviePartNm': '감독'}, {'movieCd': '20038918', 'movieNm': '새벽', 'moviePartNm': '감독'}]"
10033522,애덤 로비텔,감독,"[{'movieCd': '20197283', 'movieNm': '이스케이프 룸', 'moviePartNm': '감독'}, {'movieCd': '20178126', 'movieNm': '인시디어스4: 라스트 키', 'moviePartNm': '감독'}, {'movieCd': '20173437', 'movieNm': '테이킹', 'moviePartNm': '감독'}]"
10078519,클린트 이스트우드,감독,"[{'movieCd': '20197356', 'movieNm': '라스트 미션', 'moviePartNm': '감독'}, {'movieCd': '20197356', 'movieNm': '라스트 미션', 'moviePartNm': '배우'}, {'movieCd': '20168891', 'movieNm': '설리: 허드슨강의 기적', 'moviePartNm': '감독'}, {'movieCd': '20143754', 'movieNm': '아메리칸 스나이퍼', 'moviePartNm': '감독'}, {'movieCd': '20156184', 'movieNm': '저지 보이즈', 'moviePartNm': '감독'}, {'movieCd': '20121281', 'movieNm': '내 인생의 마지막 변화구 ', 'moviePartNm': '배우'}, {'movieCd': '20134779', 'movieNm': 'J.에드가 - FBI의 시작', 'moviePartNm': '감독'}, {'movieCd': '20119688', 'movieNm': '히어애프터', 'moviePartNm': '감독'}, {'movieCd': '20100105', 'movieNm': '우리가 꿈꾸는 기적: 인빅터스', 'moviePartNm': '감독'}, {'movieCd': '20090064', 'movieNm': '그랜 토리노', 'moviePartNm': '감독'}, {'movieCd': '20090064', 'movieNm': '그랜 토리노', 'moviePartNm': '배우'}, {'movieCd': '20090018', 'movieNm': '체인질링', 'moviePartNm': '감독'}, {'movieCd': '20070013', 'movieNm': '아버지의 깃발', 'moviePartNm': '감독'}, {'movieCd': '20114772', 'movieNm': '이오지마에서 온 편지', 'moviePartNm': '감독'}, {'movieCd': '20050028', 'movieNm': '밀리언 달러 베이비', 'moviePartNm': '감독'}, {'movieCd': '20050028', 'movieNm': '밀리언 달러 베이비', 'moviePartNm': '배우'}, {'movieCd': '20050315', 'movieNm': '더 블루스: 피아노 블루스', 'moviePartNm': '감독'}, {'movieCd': '20050315', 'movieNm': '더 블루스: 피아노 블루스', 'moviePartNm': '배우'}, {'movieCd': '20030411', 'movieNm': '미스틱 리버', 'moviePartNm': '감독'}, {'movieCd': '20028303', 'movieNm': '블러드 워크', 'moviePartNm': '감독'}, {'movieCd': '20028303', 'movieNm': '블러드 워크', 'moviePartNm': '배우'}, {'movieCd': '20000260', 'movieNm': '스페이스 카우보이', 'moviePartNm': '감독'}, {'movieCd': '20000260', 'movieNm': '스페이스 카우보이', 'moviePartNm': '배우'}, {'movieCd': '20008048', 'movieNm': '클린트 이스트우드: 아웃 오브 섀도우', 'moviePartNm': '배우'}, {'movieCd': '19998138', 'movieNm': '트루 크라임', 'moviePartNm': '감독'}, {'movieCd': '19998138', 'movieNm': '트루 크라임', 'moviePartNm': '배우'}, {'movieCd': '19970168', 'movieNm': '앱솔루트 파워 ', 'moviePartNm': '감독'}, {'movieCd': '19970168', 'movieNm': '앱솔루트 파워 ', 'moviePartNm': '배우'}, {'movieCd': '19950290', 'movieNm': '매디슨 카운티의 다리', 'moviePartNm': '감독'}, {'movieCd': '19950290', 'movieNm': '매디슨 카운티의 다리', 'moviePartNm': '배우'}, {'movieCd': '19940077', 'movieNm': '완전한 세상 ', 'moviePartNm': '감독'}, {'movieCd': '19940077', 'movieNm': '완전한 세상 ', 'moviePartNm': '배우'}, {'movieCd': '19930223', 'movieNm': '사선에서', 'moviePartNm': '배우'}, {'movieCd': '19930098', 'movieNm': '용서받지 못한 자', 'moviePartNm': '감독'}, {'movieCd': '19930098', 'movieNm': '용서받지 못한 자', 'moviePartNm': '배우'}, {'movieCd': '19910148', 'movieNm': '후계자', 'moviePartNm': '감독'}, {'movieCd': '19910148', 'movieNm': '후계자', 'moviePartNm': '배우'}, {'movieCd': '19840073', 'movieNm': '더티해리 4-써든 임팩트/서든 임팩트', 'moviePartNm': '감독'}, {'movieCd': '19840073', 'movieNm': '더티해리 4-써든 임팩트/서든 임팩트', 'moviePartNm': '배우'}, {'movieCd': '19830126', 'movieNm': '화이어폭스', 'moviePartNm': '감독'}, {'movieCd': '19830126', 'movieNm': '화이어폭스', 'moviePartNm': '배우'}, {'movieCd': '19790079', 'movieNm': '더티 파이터 2', 'moviePartNm': '배우'}, {'movieCd': '19780088', 'movieNm': '원 웨이 티켓', 'moviePartNm': '감독'}, {'movieCd': '19780088', 'movieNm': '원 웨이 티켓', 'moviePartNm': '배우'}, {'movieCd': '19790084', 'movieNm': '더티 해리3-집행자', 'moviePartNm': '배우'}, {'movieCd': '19770094', 'movieNm': '아우트 로', 'moviePartNm': '감독'}, {'movieCd': '19770094', 'movieNm': '아우트 로', 'moviePartNm': '배우'}, {'movieCd': '20120908', 'movieNm': '아이거 빙벽', 'moviePartNm': '감독'}, {'movieCd': '20120908', 'movieNm': '아이거 빙벽', 'moviePartNm': '배우'}, {'movieCd': '19748151', 'movieNm': '대도적', 'moviePartNm': '배우'}, {'movieCd': '19770087', 'movieNm': '황야의 스트렌저', 'moviePartNm': '감독'}, {'movieCd': '19770087', 'movieNm': '황야의 스트렌저', 'moviePartNm': '배우'}, {'movieCd': '19770082', 'movieNm': '이것이 법이다', 'moviePartNm': '배우'}, {'movieCd': '20120905', 'movieNm': '브리지', 'moviePartNm': '감독'}, {'movieCd': '19718155', 'movieNm': '어둠속에 벨이 울릴 때', 'moviePartNm': '감독'}, {'movieCd': '19718155', 'movieNm': '어둠속에 벨이 울릴 때', 'moviePartNm': '배우'}, {'movieCd': '19710148', 'movieNm': '더티 해리', 'moviePartNm': '배우'}, {'movieCd': '19718163', 'movieNm': '사기당한 사람들', 'moviePartNm': '배우'}, {'movieCd': '20157350', 'movieNm': '켈리의 영웅들', 'moviePartNm': '배우'}, {'movieCd': '20133162', 'movieNm': '집행자', 'moviePartNm': '배우'}, {'movieCd': '20080970', 'movieNm': '황야의 무법자', 'moviePartNm': '배우'}, {'movieCd': '19788156', 'movieNm': '더티 화이터', 'moviePartNm': '배우'}]"
20317199,아르나드 부롱,감독,"[{'movieCd': '20196723', 'movieNm': '숲속왕국의 꿀벌 여왕', 'moviePartNm': '감독'}]"
10057273,이정범,감독,"[{'movieCd': '20197846', 'movieNm': '악질경찰', 'moviePartNm': '감독'}, {'movieCd': '20197846', 'movieNm': '악질경찰', 'moviePartNm': '시나리오(각본)'}, {'movieCd': '20153741', 'movieNm': '미씽: 사라진 여자', 'moviePartNm': '기획'}, {'movieCd': '20132482', 'movieNm': '우는 남자', 'moviePartNm': '감독'}, {'movieCd': '20132482', 'movieNm': '우는 남자', 'moviePartNm': '시나리오(각본)'}, {'movieCd': '20134123', 'movieNm': '집으로 가는 길', 'moviePartNm': '각색'}, {'movieCd': '20100214', 'movieNm': '아저씨', 'moviePartNm': '감독'}, {'movieCd': '20100214', 'movieNm': '아저씨', 'moviePartNm': '시나리오(각본)'}, {'movieCd': '20060261', 'movieNm': '열혈남아', 'moviePartNm': '감독'}, {'movieCd': '20060261', 'movieNm': '열혈남아', 'moviePartNm': '시나리오(각본)'}, {'movieCd': '20070559', 'movieNm': '귀휴', 'moviePartNm': '감독'}]"
10056161,이수진,감독,"[{'movieCd': '20175407', 'movieNm': '우상', 'moviePartNm': '감독'}, {'movieCd': '20175407', 'movieNm': '우상', 'moviePartNm': '시나리오(각본)'}, {'movieCd': '20175407', 'movieNm': '우상', 'moviePartNm': '기획'}, {'movieCd': '20134122', 'movieNm': '한공주', 'moviePartNm': '감독'}, {'movieCd': '20134122', 'movieNm': '한공주', 'moviePartNm': '제작'}, {'movieCd': '20080451', 'movieNm': '적의 사과', 'moviePartNm': '감독'}, {'movieCd': '20080451', 'movieNm': '적의 사과', 'moviePartNm': '시나리오(각본)'}, {'movieCd': '20110121', 'movieNm': '아들의 것', 'moviePartNm': '감독'}, {'movieCd': '20147529', 'movieNm': '아빠', 'moviePartNm': '감독'}]"
10084180,막심 파디브,감독,"[{'movieCd': '20197617', 'movieNm': '정글북: 마법 원정대', 'moviePartNm': '감독'}]"
20284809,스도 토모노리,감독,"[{'movieCd': '20198603', 'movieNm': '페이트 스테이 나이트 헤븐즈필 제2장 로스트 버터플라이', 'moviePartNm': '감독'}, {'movieCd': '20175611', 'movieNm': '페이트 스테이 나이트 헤븐즈필 제1장 프레시지 플라워', 'moviePartNm': '감독'}]"
10060348,프랭키 첸,감독,"[{'movieCd': '20183773', 'movieNm': '장난스런 키스', 'moviePartNm': '감독'}, {'movieCd': '20163137', 'movieNm': '나의 소녀시대', 'moviePartNm': '감독'}]"
10086265,조던 필,감독,"[{'movieCd': '20185352', 'movieNm': '어스', 'moviePartNm': '감독'}, {'movieCd': '20175262', 'movieNm': '겟 아웃', 'moviePartNm': '감독'}]"
10081788,팀 버튼,감독,"[{'movieCd': '20196025', 'movieNm': '덤보', 'moviePartNm': '감독'}, {'movieCd': '20164501', 'movieNm': '미스 페레그린과 이상한 아이들의 집', 'moviePartNm': '감독'}, {'movieCd': '20162968', 'movieNm': '거울나라의 앨리스', 'moviePartNm': '제작'}, {'movieCd': '20144507', 'movieNm': '빅 아이즈', 'moviePartNm': '감독'}, {'movieCd': '20125338', 'movieNm': '링컨: 뱀파이어 헌터', 'moviePartNm': '제작'}, {'movieCd': '20125866', 'movieNm': '다크 섀도우', 'moviePartNm': '감독'}, {'movieCd': '20129766', 'movieNm': '프랑켄위니', 'moviePartNm': '감독'}, {'movieCd': '20090930', 'movieNm': '이상한 나라의 앨리스', 'moviePartNm': '감독'}, {'movieCd': '20080009', 'movieNm': '스위니 토드 : 어느 잔혹한 이발사 이야기', 'moviePartNm': '감독'}, {'movieCd': '20050253', 'movieNm': '유령신부(애니)', 'moviePartNm': '감독'}, {'movieCd': '20050225', 'movieNm': '찰리와 초콜릿 공장', 'moviePartNm': '감독'}, {'movieCd': '20040462', 'movieNm': '빅 피쉬', 'moviePartNm': '감독'}, {'movieCd': '20010227', 'movieNm': '혹성탈출', 'moviePartNm': '감독'}, {'movieCd': '20000085', 'movieNm': '슬리피 할로우', 'moviePartNm': '감독'}, {'movieCd': '19970139', 'movieNm': '팀버튼의 화성침공 ', 'moviePartNm': '감독'}, {'movieCd': '20060351', 'movieNm': '팀 버튼의 크리스마스 악몽', 'moviePartNm': '제작'}, {'movieCd': '19920240', 'movieNm': '배트맨2', 'moviePartNm': '감독'}, {'movieCd': '19910242', 'movieNm': '가위손', 'moviePartNm': '감독'}, {'movieCd': '19848029', 'movieNm': '프랑켄위니', 'moviePartNm': '감독'}, {'movieCd': '19828018', 'movieNm': '빈센트 ', 'moviePartNm': '감독'}]"
20239886,김지혜,감독,"[{'movieCd': '20166301', 'movieNm': '썬키스 패밀리', 'moviePartNm': '감독'}, {'movieCd': '20136643', 'movieNm': '생생활활', 'moviePartNm': '스틸'}]"
10052420,워시 웨스트모어랜드,감독,"[{'movieCd': '20198146', 'movieNm': '콜레트', 'moviePartNm': '감독'}, {'movieCd': '20145042', 'movieNm': '스틸 앨리스', 'moviePartNm': '감독'}, {'movieCd': '20070156', 'movieNm': '달콤한 열여섯', 'moviePartNm': '감독'}]"
10086868,구스타브 몰러,감독,"[{'movieCd': '20197987', 'movieNm': '더 길티', 'moviePartNm': '감독'}]"
20235586,데이비드 F. 샌드버그,감독,"[{'movieCd': '20196244', 'movieNm': '샤잠!', 'moviePartNm': '감독'}, {'movieCd': '20161081', 'movieNm': '애나벨 : 인형의 주인', 'moviePartNm': '감독'}, {'movieCd': '20163217', 'movieNm': '라이트 아웃', 'moviePartNm': '감독'}]"
20159971,이종언,감독,"[{'movieCd': '20183096', 'movieNm': '생일', 'moviePartNm': '감독'}, {'movieCd': '20183096', 'movieNm': '생일', 'moviePartNm': '시나리오(각본)'}, {'movieCd': '20100191', 'movieNm': '시', 'moviePartNm': '연출팀'}, {'movieCd': '20090328', 'movieNm': '여행자', 'moviePartNm': '연출팀'}, {'movieCd': '20070115', 'movieNm': '밀양', 'moviePartNm': '스크립터'}, {'movieCd': '20060731', 'movieNm': '봄', 'moviePartNm': '감독'}, {'movieCd': '20060677', 'movieNm': '처녀네 식당', 'moviePartNm': '감독'}]"
10057658,이창근,감독,"[{'movieCd': '19600065', 'movieNm': '투명인의 최후', 'moviePartNm': '감독'}, {'movieCd': '19600065', 'movieNm': '투명인의 최후', 'moviePartNm': '시나리오(각본)'}, {'movieCd': '19570032', 'movieNm': '인생 화보', 'moviePartNm': '감독'}, {'movieCd': '19490020', 'movieNm': '북한의 실정', 'moviePartNm': '감독'}, {'movieCd': '19420013', 'movieNm': '신라의 고적', 'moviePartNm': '감독'}, {'movieCd': '19340015', 'movieNm': '돌아오는 영혼', 'moviePartNm': '감독'}, {'movieCd': '19340016', 'movieNm': '도회의 비가', 'moviePartNm': '감독'}, {'movieCd': '19310007', 'movieNm': '산괴령', 'moviePartNm': '감독'}, {'movieCd': '19310007', 'movieNm': '산괴령', 'moviePartNm': '시나리오(각본)'}]"
20170403,라스무스 A. 실버르센,감독,"[{'movieCd': '20198023', 'movieNm': '고릴라와 슈퍼레이스', 'moviePartNm': '감독'}, {'movieCd': '20182990', 'movieNm': '아기곰 보보 구출 대작전', 'moviePartNm': '감독'}, {'movieCd': '20174103', 'movieNm': '배저로와 친구들: 신비한 모험', 'moviePartNm': '감독'}, {'movieCd': '20147848', 'movieNm': '꼬마영웅 경찰차 프로디2', 'moviePartNm': '감독'}, {'movieCd': '20145066', 'movieNm': '솔란과 루드빅의 화이트 크리스마스 대소동', 'moviePartNm': '감독'}, {'movieCd': '20136783', 'movieNm': '꼬마영웅 경찰차 프로디', 'moviePartNm': '감독'}]"
10009025,닐 마샬,감독,"[{'movieCd': '20185406', 'movieNm': '헬보이', 'moviePartNm': '감독'}, {'movieCd': '20100815', 'movieNm': '센츄리온', 'moviePartNm': '감독'}, {'movieCd': '20080837', 'movieNm': '둠스데이:지구 최후의 날', 'moviePartNm': '감독'}, {'movieCd': '20070234', 'movieNm': '디센트', 'moviePartNm': '감독'}, {'movieCd': '20028322', 'movieNm': '독 솔져', 'moviePartNm': '감독'}]"
10041297,아담 맥케이,감독,"[{'movieCd': '20198104', 'movieNm': '바이스', 'moviePartNm': '감독'}, {'movieCd': '20159199', 'movieNm': '빅쇼트', 'moviePartNm': '감독'}, {'movieCd': '20149440', 'movieNm': '앵커맨: 더 레전드 컨티뉴', 'moviePartNm': '감독'}, {'movieCd': '20136400', 'movieNm': '스탠바이 캅', 'moviePartNm': '감독'}, {'movieCd': '20088142', 'movieNm': '스텝 브라더스', 'moviePartNm': '감독'}, {'movieCd': '20068367', 'movieNm': '텔라데가 나이트 : 리키 바비의 발라드', 'moviePartNm': '감독'}, {'movieCd': '20048618', 'movieNm': '앵커맨', 'moviePartNm': '감독'}]"
20189699,케빈 콜쉬,감독,"[{'movieCd': '20197423', 'movieNm': '공포의 묘지', 'moviePartNm': '감독'}, {'movieCd': '20149672', 'movieNm': '오디션', 'moviePartNm': '감독'}]"
10085431,피에르 모렐,감독,"[{'movieCd': '20198844', 'movieNm': '아이 엠 마더', 'moviePartNm': '감독'}, {'movieCd': '20173021', 'movieNm': '더 건맨 : 테이큰 감독 뉴프로젝트', 'moviePartNm': '감독'}, {'movieCd': '20157904', 'movieNm': '더 건맨', 'moviePartNm': '감독'}, {'movieCd': '20100101', 'movieNm': '프롬 파리 위드 러브', 'moviePartNm': '감독'}, {'movieCd': '20080337', 'movieNm': '테이큰', 'moviePartNm': '감독'}, {'movieCd': '20060240', 'movieNm': '13구역', 'moviePartNm': '감독'}, {'movieCd': '20020014', 'movieNm': '트랜스포터', 'moviePartNm': '촬영'}]"
10061189,저스틴 밸도니,감독,"[{'movieCd': '20198403', 'movieNm': '파이브 피트', 'moviePartNm': '감독'}]"
10073007,마이클 차베즈,감독,"[{'movieCd': '20183454', 'movieNm': '요로나의 저주', 'moviePartNm': '감독'}]"
10000873,강지은,감독,"[{'movieCd': '20198982', 'movieNm': '크게 될 놈', 'moviePartNm': '감독'}, {'movieCd': '20159648', 'movieNm': '고산자, 대동여지도', 'moviePartNm': '2nd unit 촬영팀'}, {'movieCd': '20080736', 'movieNm': '강철중: 공공의 적 1-1', 'moviePartNm': '2nd unit 촬영팀'}, {'movieCd': '20060085', 'movieNm': '도마뱀', 'moviePartNm': '감독'}, {'movieCd': '20030410', 'movieNm': '실미도', 'moviePartNm': '조감독'}, {'movieCd': '20020065', 'movieNm': '공공의 적', 'moviePartNm': '조감독'}]"
20302929,김성기,감독,"[{'movieCd': '20182501', 'movieNm': '왓칭', 'moviePartNm': '감독'}, {'movieCd': '20182501', 'movieNm': '왓칭', 'moviePartNm': '시나리오(각본)'}]"
10017730,로저 미첼,감독,"[{'movieCd': '20147880', 'movieNm': '위크엔드 인 파리', 'moviePartNm': '감독'}, {'movieCd': '20119667', 'movieNm': '굿모닝 에브리원', 'moviePartNm': '감독'}, {'movieCd': '20048720', 'movieNm': '사랑을 견뎌내기', 'moviePartNm': '감독'}, {'movieCd': '20050132', 'movieNm': '마더', 'moviePartNm': '감독'}, {'movieCd': '20020207', 'movieNm': '체인징 레인스', 'moviePartNm': '감독'}, {'movieCd': '19990220', 'movieNm': '노팅 힐', 'moviePartNm': '감독'}, {'movieCd': '19958176', 'movieNm': '설득', 'moviePartNm': '감독'}]"
10043421,안소니 루소,감독,"[{'movieCd': '20184889', 'movieNm': '어벤져스: 엔드게임', 'moviePartNm': '감독'}, {'movieCd': '20177478', 'movieNm': '어벤져스: 인피니티 워', 'moviePartNm': '감독'}, {'movieCd': '20159364', 'movieNm': '캡틴 아메리카: 시빌 워', 'moviePartNm': '감독'}, {'movieCd': '20159364', 'movieNm': '캡틴 아메리카: 시빌 워', 'moviePartNm': '시나리오(각본)'}, {'movieCd': '20147790', 'movieNm': '캡틴 아메리카: 윈터 솔져', 'moviePartNm': '감독'}, {'movieCd': '20068368', 'movieNm': '허니문크래셔', 'moviePartNm': '감독'}, {'movieCd': '20020009', 'movieNm': '웰컴 투 콜린우드', 'moviePartNm': '감독'}]"
20171663,김현호,감독,"[{'movieCd': '20137481', 'movieNm': '부탁', 'moviePartNm': '감독'}]"
20243469,미즈노 시게노리,감독,"[{'movieCd': '20169323', 'movieNm': '안도 타다오', 'moviePartNm': '감독'}]"
10054185,육상효,감독,"[{'movieCd': '20185784', 'movieNm': '나의 특별한 형제', 'moviePartNm': '감독'}, {'movieCd': '20185784', 'movieNm': '나의 특별한 형제', 'moviePartNm': '시나리오(각본)'}, {'movieCd': '20133682', 'movieNm': '화장', 'moviePartNm': '각색'}, {'movieCd': '20124070', 'movieNm': '강철대오:구국의 철가방', 'moviePartNm': '감독'}, {'movieCd': '20124070', 'movieNm': '강철대오:구국의 철가방', 'moviePartNm': '시나리오(각본)'}, {'movieCd': '20100835', 'movieNm': '방가? 방가!', 'moviePartNm': '감독'}, {'movieCd': '20100835', 'movieNm': '방가? 방가!', 'moviePartNm': '시나리오(각본)'}, {'movieCd': '20100835', 'movieNm': '방가? 방가!', 'moviePartNm': '각색'}, {'movieCd': '20040751', 'movieNm': '여자, 정혜', 'moviePartNm': '배우'}, {'movieCd': '20040595', 'movieNm': '달마야, 서울 가자', 'moviePartNm': '감독'}, {'movieCd': '20040595', 'movieNm': '달마야, 서울 가자', 'moviePartNm': '시나리오(각본)'}, {'movieCd': '20020127', 'movieNm': '아이언 팜', 'moviePartNm': '감독'}, {'movieCd': '20020127', 'movieNm': '아이언 팜', 'moviePartNm': '시나리오(각본)'}, {'movieCd': '19960042', 'movieNm': '축제', 'moviePartNm': '각색'}, {'movieCd': '19940034', 'movieNm': '장미빛 인생', 'moviePartNm': '시나리오(각본)'}]"
10018169,롭 레터맨,감독,"[{'movieCd': '20198598', 'movieNm': '명탐정 피카츄', 'moviePartNm': '감독'}, {'movieCd': '20157158', 'movieNm': '구스범스', 'moviePartNm': '감독'}, {'movieCd': '20102417', 'movieNm': '걸리버 여행기', 'moviePartNm': '감독'}, {'movieCd': '20090195', 'movieNm': '몬스터 vs 에이리언', 'moviePartNm': '감독'}, {'movieCd': '20040744', 'movieNm': '샤크', 'moviePartNm': '감독'}]"
10076064,캘리 애스버리,감독,"[{'movieCd': '20197147', 'movieNm': '어글리 돌', 'moviePartNm': '감독'}, {'movieCd': '20161665', 'movieNm': '스머프: 비밀의 숲', 'moviePartNm': '감독'}, {'movieCd': '20119972', 'movieNm': '노미오와 줄리엣', 'moviePartNm': '감독'}, {'movieCd': '20040566', 'movieNm': '슈렉2', 'moviePartNm': '감독'}, {'movieCd': '20020184', 'movieNm': '스피릿', 'moviePartNm': '감독'}]"
10003461,기예르모 델 토로,감독,"[{'movieCd': '20174603', 'movieNm': '퍼시픽 림: 업라이징', 'moviePartNm': '제작'}, {'movieCd': '20173436', 'movieNm': '셰이프 오브 워터: 사랑의 모양', 'moviePartNm': '감독'}, {'movieCd': '20156570', 'movieNm': '크림슨 피크', 'moviePartNm': '감독'}, {'movieCd': '20136961', 'movieNm': '퍼시픽 림', 'moviePartNm': '감독'}, {'movieCd': '20123041', 'movieNm': '마마', 'moviePartNm': '제작'}, {'movieCd': '20081332', 'movieNm': '헬보이 2 : 골든 아미', 'moviePartNm': '감독'}, {'movieCd': '20060347', 'movieNm': '판의 미로 - 오필리아와 세 개의 열쇠', 'moviePartNm': '감독'}, {'movieCd': '20040623', 'movieNm': '헬보이', 'moviePartNm': '감독'}, {'movieCd': '20020113', 'movieNm': '블레이드 2', 'moviePartNm': '감독'}, {'movieCd': '20018583', 'movieNm': '악마의 등뼈', 'moviePartNm': '감독'}, {'movieCd': '19990122', 'movieNm': '미믹 ', 'moviePartNm': '감독'}, {'movieCd': '20107748', 'movieNm': '크로노스', 'moviePartNm': '감독'}]"
10013576,크리스찬 하스,감독,"[{'movieCd': '20199736', 'movieNm': '프렌즈: 둥지탈출', 'moviePartNm': '감독'}]"
10087327,줄리아 하트,감독,"[{'movieCd': '20199189', 'movieNm': '미스 스티븐스', 'moviePartNm': '감독'}]"
20186696,정다원,감독,"[{'movieCd': '20184082', 'movieNm': '걸캅스', 'moviePartNm': '감독'}, {'movieCd': '20184082', 'movieNm': '걸캅스', 'moviePartNm': '시나리오(각본)'}, {'movieCd': '20155223', 'movieNm': '목숨 건 연애', 'moviePartNm': '배우'}, {'movieCd': '20155223', 'movieNm': '목숨 건 연애', 'moviePartNm': '배우'}, {'movieCd': '20155223', 'movieNm': '목숨 건 연애', 'moviePartNm': '제작팀'}, {'movieCd': '20163019', 'movieNm': '장기왕 : 가락시장 레볼루션', 'moviePartNm': '감독'}, {'movieCd': '20163019', 'movieNm': '장기왕 : 가락시장 레볼루션', 'moviePartNm': '배우'}, {'movieCd': '20163019', 'movieNm': '장기왕 : 가락시장 레볼루션', 'moviePartNm': '시나리오(각본)'}, {'movieCd': '20163019', 'movieNm': '장기왕 : 가락시장 레볼루션', 'moviePartNm': '제작'}, {'movieCd': '20148840', 'movieNm': '자유의 언덕', 'moviePartNm': '제작팀'}, {'movieCd': '20137041', 'movieNm': '우리 선희', 'moviePartNm': '제작팀'}, {'movieCd': '20121741', 'movieNm': '누구의 딸도 아닌 해원', 'moviePartNm': '제작팀'}]"
20312876,앤소니 마라스,감독,"[{'movieCd': '20185384', 'movieNm': '호텔 뭄바이', 'moviePartNm': '감독'}]"
20314390,홍승완,감독,"[{'movieCd': '20187981', 'movieNm': '배심원들', 'moviePartNm': '감독'}, {'movieCd': '20187981', 'movieNm': '배심원들', 'moviePartNm': '시나리오(각본)'}]"
10027427,미이케 다카시,감독,"[{'movieCd': '20199923', 'movieNm': '라플라스의 마녀', 'moviePartNm': '감독'}, {'movieCd': '20183582', 'movieNm': '테라포마스', 'moviePartNm': '감독'}, {'movieCd': '20152482', 'movieNm': '도쿄아포칼립스: 최후의 결전', 'moviePartNm': '감독'}, {'movieCd': '20156221', 'movieNm': '신이 말하는 대로', 'moviePartNm': '감독'}, {'movieCd': '20149707', 'movieNm': '두더지의 노래: 잠입탐정 레이지', 'moviePartNm': '감독'}, {'movieCd': '20131202', 'movieNm': '짚의 방패', 'moviePartNm': '감독'}, {'movieCd': '20131247', 'movieNm': '악의교전', 'moviePartNm': '감독'}, {'movieCd': '20127430', 'movieNm': '할복: 사무라이의 죽음', 'moviePartNm': '감독'}, {'movieCd': '20110877', 'movieNm': '13인의 자객', 'moviePartNm': '감독'}, {'movieCd': '20101214', 'movieNm': '이겨라 승리호', 'moviePartNm': '감독'}, {'movieCd': '20098280', 'movieNm': '크로우즈 제로 2', 'moviePartNm': '감독'}, {'movieCd': '20080845', 'movieNm': '크로우즈 제로', 'moviePartNm': '감독'}, {'movieCd': '20070518', 'movieNm': '용이간다', 'moviePartNm': '감독'}, {'movieCd': '20078763', 'movieNm': '마스터즈 오브 호러 시즌 2', 'moviePartNm': '감독'}, {'movieCd': '20078778', 'movieNm': '스키야키 웨스턴 장고', 'moviePartNm': '감독'}, {'movieCd': '20068546', 'movieNm': '46억년의 사랑', 'moviePartNm': '감독'}, {'movieCd': '20068512', 'movieNm': '태양의 상처', 'moviePartNm': '감독'}, {'movieCd': '20051095', 'movieNm': '요괴대전쟁', 'moviePartNm': '감독'}, {'movieCd': '20041108', 'movieNm': '이조', 'moviePartNm': '감독'}, {'movieCd': '20048667', 'movieNm': '제브라맨', 'moviePartNm': '감독'}, {'movieCd': '20040605', 'movieNm': '착신아리', 'moviePartNm': '감독'}, {'movieCd': '20038395', 'movieNm': '극도공포대극장 우두', 'moviePartNm': '감독'}, {'movieCd': '20028839', 'movieNm': '데드 오어 얼라이브 3 : 파이널', 'moviePartNm': '감독'}, {'movieCd': '20021050', 'movieNm': '사부', 'moviePartNm': '감독'}, {'movieCd': '20008516', 'movieNm': '비지터 큐', 'moviePartNm': '감독'}, {'movieCd': '20018545', 'movieNm': '아지테이터', 'moviePartNm': '감독'}, {'movieCd': '20018564', 'movieNm': '이치 더 킬러', 'moviePartNm': '감독'}, {'movieCd': '20011424', 'movieNm': '카타쿠리가의 행복', 'moviePartNm': '감독'}, {'movieCd': '20001010', 'movieNm': '데드 오어 얼라이브 2: 도망자', 'moviePartNm': '감독'}, {'movieCd': '20001372', 'movieNm': '천국에서 온 사내들', 'moviePartNm': '감독'}, {'movieCd': '20008681', 'movieNm': '표류가', 'moviePartNm': '감독'}, {'movieCd': '19998547', 'movieNm': '데드 오어 얼라이브', 'moviePartNm': '감독'}, {'movieCd': '19998974', 'movieNm': '샐러리맨 긴타로', 'moviePartNm': '감독'}, {'movieCd': '19991173', 'movieNm': '일본 마피아 사회', 'moviePartNm': '감독'}, {'movieCd': '19988615', 'movieNm': '소년 우연대 3 - 망향', 'moviePartNm': '감독'}, {'movieCd': '19968518', 'movieNm': '극도삼국지 부동', 'moviePartNm': '감독'}, {'movieCd': '20040637', 'movieNm': '쓰리 몬스터', 'moviePartNm': '감독'}, {'movieCd': '20139627', 'movieNm': ""쓰리, 몬스터 '상자'"", 'moviePartNm': '감독'}]"
10086128,피터 헤지스,감독,"[{'movieCd': '20199949', 'movieNm': '벤 이즈 백', 'moviePartNm': '감독'}, {'movieCd': '20136398', 'movieNm': '디 오드 라이프 오브 티모시 그린', 'moviePartNm': '감독'}, {'movieCd': '20080258', 'movieNm': '댄 인 러브', 'moviePartNm': '감독'}, {'movieCd': '20038142', 'movieNm': '에이프릴의 특별한 만찬', 'moviePartNm': '감독'}, {'movieCd': '20040805', 'movieNm': '길버트 그레이프', 'moviePartNm': '시나리오(각본)'}]"
10057946,미키 코이치로,감독,"[{'movieCd': '20199623', 'movieNm': '고양이 여행 리포트', 'moviePartNm': '감독'}, {'movieCd': '20171531', 'movieNm': '식물도감', 'moviePartNm': '감독'}, {'movieCd': '20165746', 'movieNm': '노조키메', 'moviePartNm': '감독'}]"
20131414,이원태,감독,"[{'movieCd': '20188941', 'movieNm': '악인전', 'moviePartNm': '감독'}, {'movieCd': '20188941', 'movieNm': '악인전', 'moviePartNm': '시나리오(각본)'}, {'movieCd': '20164424', 'movieNm': '대장 김창수', 'moviePartNm': '감독'}, {'movieCd': '20164424', 'movieNm': '대장 김창수', 'moviePartNm': '배우'}, {'movieCd': '20164424', 'movieNm': '대장 김창수', 'moviePartNm': '시나리오(각본)'}, {'movieCd': '20164424', 'movieNm': '대장 김창수', 'moviePartNm': '원작'}, {'movieCd': '20144442', 'movieNm': '조선마술사', 'moviePartNm': '원작'}, {'movieCd': '20111774', 'movieNm': '가비', 'moviePartNm': '스토리'}, {'movieCd': '20113643', 'movieNm': '파파', 'moviePartNm': '기획'}, {'movieCd': '20113381', 'movieNm': '오싹한 연애', 'moviePartNm': '제작'}]"
10058202,이호경,감독,"[{'movieCd': '20080401', 'movieNm': '민요 삼총사', 'moviePartNm': '감독'}, {'movieCd': '20080401', 'movieNm': '민요 삼총사', 'moviePartNm': '시나리오(각본)'}]"
10000296,가이 리치,감독,"[{'movieCd': '20183867', 'movieNm': '알라딘', 'moviePartNm': '감독'}, {'movieCd': '20173961', 'movieNm': '킹 아서: 제왕의 검', 'moviePartNm': '감독'}, {'movieCd': '20152745', 'movieNm': '맨 프롬 UNCLE', 'moviePartNm': '감독'}, {'movieCd': '20112621', 'movieNm': '셜록홈즈 : 그림자 게임', 'moviePartNm': '감독'}, {'movieCd': '20090856', 'movieNm': '셜록 홈즈', 'moviePartNm': '감독'}, {'movieCd': '2009A055', 'movieNm': '락큰롤라', 'moviePartNm': '감독'}, {'movieCd': '20058559', 'movieNm': '리볼버', 'moviePartNm': '감독'}, {'movieCd': '20030012', 'movieNm': '스웹트 어웨이', 'moviePartNm': '감독'}, {'movieCd': '20010153', 'movieNm': '스내치', 'moviePartNm': '감독'}, {'movieCd': '19990208', 'movieNm': '록 스탁 앤 2 스모킹 배럴즈', 'moviePartNm': '감독'}]"
10060063,장규성,감독,"[{'movieCd': '20199448', 'movieNm': '어린 의뢰인', 'moviePartNm': '감독'}, {'movieCd': '20153447', 'movieNm': '바람 바람 바람', 'moviePartNm': '시나리오(각본)'}, {'movieCd': '20124080', 'movieNm': '나는 왕이로소이다', 'moviePartNm': '감독'}, {'movieCd': '20124080', 'movieNm': '나는 왕이로소이다', 'moviePartNm': '각색'}, {'movieCd': '20070084', 'movieNm': '이장과 군수', 'moviePartNm': '감독'}, {'movieCd': '20070084', 'movieNm': '이장과 군수', 'moviePartNm': '시나리오(각본)'}, {'movieCd': '20040657', 'movieNm': '여선생 VS 여제자', 'moviePartNm': '감독'}, {'movieCd': '20040657', 'movieNm': '여선생 VS 여제자', 'moviePartNm': '시나리오(각본)'}, {'movieCd': '20030029', 'movieNm': '선생 김봉두', 'moviePartNm': '감독'}, {'movieCd': '20030029', 'movieNm': '선생 김봉두', 'moviePartNm': '시나리오(각본)'}, {'movieCd': '20020118', 'movieNm': '재밌는 영화', 'moviePartNm': '감독'}]"
10043278,데이빗 야로베스키,감독,"[{'movieCd': '20199822', 'movieNm': '더 보이', 'moviePartNm': '감독'}, {'movieCd': '20150944', 'movieNm': '더 하이브', 'moviePartNm': '감독'}]"
10048599,에반 트라멜,감독,"[{'movieCd': '20190261', 'movieNm': '언더 더 씨2', 'moviePartNm': '감독'}, {'movieCd': '20175821', 'movieNm': '언더더씨', 'moviePartNm': '감독'}, {'movieCd': '20172203', 'movieNm': '블랙 워터 뱀파이어', 'moviePartNm': '감독'}]"
10031641,봉준호,감독,"[{'movieCd': '20183782', 'movieNm': '기생충', 'moviePartNm': '감독'}, {'movieCd': '20183782', 'movieNm': '기생충', 'moviePartNm': '시나리오(각본)'}, {'movieCd': '20158485', 'movieNm': '옥자', 'moviePartNm': '감독'}, {'movieCd': '20134082', 'movieNm': '해무(海霧)', 'moviePartNm': '시나리오(각본)'}, {'movieCd': '20134082', 'movieNm': '해무(海霧)', 'moviePartNm': '기획'}, {'movieCd': '20134082', 'movieNm': '해무(海霧)', 'moviePartNm': '제작'}, {'movieCd': '20126674', 'movieNm': '설국열차', 'moviePartNm': '감독'}, {'movieCd': '20126674', 'movieNm': '설국열차', 'moviePartNm': '시나리오(각본)'}, {'movieCd': '20126674', 'movieNm': '설국열차', 'moviePartNm': '스토리'}, {'movieCd': '20120861', 'movieNm': '토니 레인즈의 한국영화 25년', 'moviePartNm': '배우'}, {'movieCd': '20090248', 'movieNm': '마더', 'moviePartNm': '감독'}, {'movieCd': '20090248', 'movieNm': '마더', 'moviePartNm': '시나리오(각본)'}, {'movieCd': '20090248', 'movieNm': '마더', 'moviePartNm': '스토리'}, {'movieCd': '20080912', 'movieNm': '감독들, 김기영을 말하다', 'moviePartNm': '배우'}, {'movieCd': '20060151', 'movieNm': '괴물', 'moviePartNm': '감독'}, {'movieCd': '20060151', 'movieNm': '괴물', 'moviePartNm': '시나리오(각본)'}, {'movieCd': '20050046', 'movieNm': '남극일기', 'moviePartNm': '시나리오(각본)'}, {'movieCd': '20030046', 'movieNm': '살인의 추억', 'moviePartNm': '감독'}, {'movieCd': '20030046', 'movieNm': '살인의 추억', 'moviePartNm': '시나리오(각본)'}, {'movieCd': '20030441', 'movieNm': '이공', 'moviePartNm': '감독'}, {'movieCd': '20020083', 'movieNm': '피도 눈물도 없이', 'moviePartNm': '배우'}, {'movieCd': '20000024', 'movieNm': '플란다스의 개', 'moviePartNm': '감독'}, {'movieCd': '20000024', 'movieNm': '플란다스의 개', 'moviePartNm': '시나리오(각본)'}, {'movieCd': '20001591', 'movieNm': '플란다스의 개', 'moviePartNm': '감독'}, {'movieCd': '19990069', 'movieNm': '유령', 'moviePartNm': '시나리오(각본)'}, {'movieCd': '19970020', 'movieNm': '모텔 선인장', 'moviePartNm': '시나리오(각본)'}, {'movieCd': '20072091', 'movieNm': '인플루엔자', 'moviePartNm': '감독'}, {'movieCd': '20038957', 'movieNm': '싱크 & 라이즈', 'moviePartNm': '감독'}, {'movieCd': '20149067', 'movieNm': '백색인', 'moviePartNm': '감독'}, {'movieCd': '20100457', 'movieNm': '지리멸렬', 'moviePartNm': '감독'}, {'movieCd': '20126732', 'movieNm': '프레임 속의 기억들', 'moviePartNm': '감독'}, {'movieCd': '20149138', 'movieNm': '인디포럼2014 필름1', 'moviePartNm': '감독'}, {'movieCd': '20081420', 'movieNm': '도쿄!', 'moviePartNm': '감독'}, {'movieCd': '20081420', 'movieNm': '도쿄!', 'moviePartNm': '시나리오(각본)'}]"
10022882,마이클 도허티,감독,"[{'movieCd': '20184865', 'movieNm': '고질라: 킹 오브 몬스터', 'moviePartNm': '감독'}, {'movieCd': '20088672', 'movieNm': '트릭 오어 트릿', 'moviePartNm': '감독'}]"
10053709,유선동,감독,"[{'movieCd': '20188144', 'movieNm': '0.0MHz', 'moviePartNm': '감독'}, {'movieCd': '20188144', 'movieNm': '0.0MHz', 'moviePartNm': '시나리오(각본)'}, {'movieCd': '20148553', 'movieNm': '내 심장을 쏴라', 'moviePartNm': '시나리오(각본)'}, {'movieCd': '20100326', 'movieNm': '고死 두 번째 이야기: 교생실습', 'moviePartNm': '감독'}, {'movieCd': '20100326', 'movieNm': '고死 두 번째 이야기: 교생실습', 'moviePartNm': '각색'}, {'movieCd': '20050237', 'movieNm': '미스터 주부퀴즈왕', 'moviePartNm': '감독'}, {'movieCd': '20050237', 'movieNm': '미스터 주부퀴즈왕', 'moviePartNm': '시나리오(각본)'}, {'movieCd': '20040488', 'movieNm': '아라한 장풍대작전', 'moviePartNm': '시나리오(각본)'}, {'movieCd': '20123338', 'movieNm': '샌드위치', 'moviePartNm': '감독'}]"
10082206,찬드라세카란,감독,"[{'movieCd': '20192001', 'movieNm': '피터팬: 후크 선장과 결투의 날', 'moviePartNm': '감독'}]"
10027387,미야자키 하야오,감독,"[{'movieCd': '20132082', 'movieNm': '바람이 분다', 'moviePartNm': '감독'}, {'movieCd': '20132082', 'movieNm': '바람이 분다', 'moviePartNm': '기획'}, {'movieCd': '20132082', 'movieNm': '바람이 분다', 'moviePartNm': '시나리오(각본)'}, {'movieCd': '20081686', 'movieNm': '벼랑 위의 포뇨', 'moviePartNm': '감독'}, {'movieCd': '20040756', 'movieNm': '하울의 움직이는 성', 'moviePartNm': '감독'}, {'movieCd': '20030328', 'movieNm': '붉은 돼지', 'moviePartNm': '감독'}, {'movieCd': '20020168', 'movieNm': '센과 치히로의 행방불명', 'moviePartNm': '감독'}, {'movieCd': '20030047', 'movieNm': '모노노케 히메', 'moviePartNm': '감독'}, {'movieCd': '20070602', 'movieNm': '마녀배달부 키키', 'moviePartNm': '감독'}, {'movieCd': '19880001', 'movieNm': '이웃집 토토로', 'moviePartNm': '감독'}, {'movieCd': '20040549', 'movieNm': '천공의 성 라퓨타', 'moviePartNm': '감독'}, {'movieCd': '20030401', 'movieNm': '바람계곡의 나우시카', 'moviePartNm': '감독'}, {'movieCd': '20101178', 'movieNm': '루팡 3세: 칼리오스트로의 성', 'moviePartNm': '감독'}, {'movieCd': '19738014', 'movieNm': '팬더와 친구들의 모험', 'moviePartNm': '시나리오(각본)'}]"
20307519,박신우,감독,"[{'movieCd': '20187644', 'movieNm': '어항 밖 물고기', 'moviePartNm': '감독'}]"
20188501,서정신우,감독,"[{'movieCd': '20174244', 'movieNm': '버블 패밀리', 'moviePartNm': '연출팀'}, {'movieCd': '20152401', 'movieNm': '다른 세상에서', 'moviePartNm': '감독'}, {'movieCd': '20153316', 'movieNm': '블랙가스펠2: 소울을 찾는 여정가운데 만난 사람들', 'moviePartNm': '연출팀'}, {'movieCd': '20131245', 'movieNm': '블랙 가스펠', 'moviePartNm': '조감독'}, {'movieCd': '20179496', 'movieNm': '대구에서', 'moviePartNm': '감독'}, {'movieCd': '20158765', 'movieNm': '고란살', 'moviePartNm': '감독'}, {'movieCd': '20150843', 'movieNm': '과대망상자들', 'moviePartNm': '연출팀'}, {'movieCd': '20150843', 'movieNm': '과대망상자들', 'moviePartNm': '제작팀'}, {'movieCd': '20156720', 'movieNm': 'AISFF2015 국내경쟁 2', 'moviePartNm': '감독'}, {'movieCd': '20151922', 'movieNm': '로컬시네마 WITH JIFF : 제16회 전주국제영화제 한국단편경쟁부분 수상작', 'moviePartNm': '감독'}, {'movieCd': '20158386', 'movieNm': '서울독립영화제2015 새로운선택 1', 'moviePartNm': '감독'}, {'movieCd': '20153185', 'movieNm': '제16회 대구단편영화제 경쟁5', 'moviePartNm': '감독'}]"
10091258,F. 게리 그레이,감독,"[{'movieCd': '20196657', 'movieNm': '맨 인 블랙: 인터내셔널', 'moviePartNm': '감독'}, {'movieCd': '20167542', 'movieNm': '분노의 질주: 더 익스트림', 'moviePartNm': '감독'}, {'movieCd': '20154162', 'movieNm': '스트레이트 아웃 오브 컴턴', 'moviePartNm': '감독'}, {'movieCd': '20090826', 'movieNm': '모범시민', 'moviePartNm': '감독'}, {'movieCd': '20050030', 'movieNm': '쿨', 'moviePartNm': '감독'}, {'movieCd': '2010A189', 'movieNm': '빈 디젤의 디아블로', 'moviePartNm': '감독'}, {'movieCd': '20072161', 'movieNm': '이탈리안 잡', 'moviePartNm': '감독'}, {'movieCd': '19980233', 'movieNm': '네고시에이터', 'moviePartNm': '감독'}, {'movieCd': '19970141', 'movieNm': '셋잇오프 ', 'moviePartNm': '감독'}]"
10066410,로버트 페르난데스,감독,"[{'movieCd': '20190273', 'movieNm': '천로역정: 천국을 찾아서', 'moviePartNm': '감독'}]"
10009032,닐 버거,감독,"[{'movieCd': '20191401', 'movieNm': '업사이드', 'moviePartNm': '감독'}, {'movieCd': '20147283', 'movieNm': '다이버전트', 'moviePartNm': '감독'}, {'movieCd': '20126745', 'movieNm': '리미트리스', 'moviePartNm': '감독'}, {'movieCd': '20088409', 'movieNm': '럭키 원스', 'moviePartNm': '감독'}, {'movieCd': '20070036', 'movieNm': '일루셔니스트', 'moviePartNm': '감독'}]"
10027082,미미 레더,감독,"[{'movieCd': '20190466', 'movieNm': '세상을 바꾼 변호인', 'moviePartNm': '감독'}, {'movieCd': '20128672', 'movieNm': '코드', 'moviePartNm': '감독'}, {'movieCd': '20068831', 'movieNm': '사라 실종 사건', 'moviePartNm': '감독'}, {'movieCd': '20010129', 'movieNm': '아름다운 세상을 위하여', 'moviePartNm': '감독'}, {'movieCd': '19980129', 'movieNm': '딥 임팩트', 'moviePartNm': '감독'}, {'movieCd': '19970275', 'movieNm': '피스메이커', 'moviePartNm': '감독'}]"
10023314,조시 쿨리,감독,"[{'movieCd': '20184047', 'movieNm': '토이 스토리 4', 'moviePartNm': '감독'}]"
20135271,강윤성,감독,"[{'movieCd': '20198453', 'movieNm': '롱 리브 더 킹: 목포 영웅', 'moviePartNm': '감독'}, {'movieCd': '20198453', 'movieNm': '롱 리브 더 킹: 목포 영웅', 'moviePartNm': '각색'}, {'movieCd': '20172742', 'movieNm': '범죄도시', 'moviePartNm': '감독'}, {'movieCd': '20172742', 'movieNm': '범죄도시', 'moviePartNm': '시나리오(각본)'}, {'movieCd': '20030153', 'movieNm': '영어완전정복', 'moviePartNm': '연출팀'}]"
10008737,라스 클리브버그,감독,"[{'movieCd': '20190885', 'movieNm': '사탄의 인형', 'moviePartNm': '감독'}, {'movieCd': '20191342', 'movieNm': '폴라로이드', 'moviePartNm': '감독'}]"
10018162,게리 도버먼,감독,"[{'movieCd': '20199951', 'movieNm': '애나벨 집으로', 'moviePartNm': '감독'}]"
10057331,이정호,감독,"[{'movieCd': '20182585', 'movieNm': '비스트', 'moviePartNm': '감독'}, {'movieCd': '20182585', 'movieNm': '비스트', 'moviePartNm': '시나리오(각본)'}, {'movieCd': '20129787', 'movieNm': '방황하는 칼날', 'moviePartNm': '감독'}, {'movieCd': '20129787', 'movieNm': '방황하는 칼날', 'moviePartNm': '시나리오(각본)'}, {'movieCd': '20100131', 'movieNm': '베스트셀러', 'moviePartNm': '감독'}, {'movieCd': '20100131', 'movieNm': '베스트셀러', 'moviePartNm': '시나리오(각본)'}, {'movieCd': '20090888', 'movieNm': '용서는 없다', 'moviePartNm': '각색'}, {'movieCd': '20071067', 'movieNm': '슈퍼맨이었던 사나이', 'moviePartNm': '조감독'}, {'movieCd': '20070042', 'movieNm': '좋지 아니한가', 'moviePartNm': '조감독'}, {'movieCd': '20060017', 'movieNm': '흡혈형사 나도열', 'moviePartNm': '조감독'}, {'movieCd': '20040571', 'movieNm': '령', 'moviePartNm': '조감독'}, {'movieCd': '20030092', 'movieNm': '청풍명월(淸風明月)', 'moviePartNm': '연출팀'}, {'movieCd': '20010060', 'movieNm': '마고', 'moviePartNm': '연출팀'}, {'movieCd': '19980021', 'movieNm': '물위의 하룻밤', 'moviePartNm': '소품'}]"
10009058,닐 조단,감독,"[{'movieCd': '20192022', 'movieNm': '마담 싸이코', 'moviePartNm': '감독'}, {'movieCd': '20098215', 'movieNm': '온딘', 'moviePartNm': '감독'}, {'movieCd': '20070449', 'movieNm': '브레이브 원', 'moviePartNm': '감독'}, {'movieCd': '20070105', 'movieNm': '플루토에서 아침을', 'moviePartNm': '감독'}, {'movieCd': '20028354', 'movieNm': '더블 다운', 'moviePartNm': '감독'}, {'movieCd': '20000145', 'movieNm': '사랑의 슬픔 애수', 'moviePartNm': '감독'}, {'movieCd': '19990173', 'movieNm': '인드림스', 'moviePartNm': '감독'}, {'movieCd': '19990213', 'movieNm': '푸줏간 소년 ', 'moviePartNm': '감독'}, {'movieCd': '19970070', 'movieNm': '마이클 콜린스 ', 'moviePartNm': '감독'}, {'movieCd': '19940433', 'movieNm': '뱀파이어와의 인터뷰 ', 'moviePartNm': '감독'}, {'movieCd': '19930142', 'movieNm': '크라잉 게임', 'moviePartNm': '감독'}, {'movieCd': '19930142', 'movieNm': '크라잉 게임', 'moviePartNm': '시나리오(각본)'}, {'movieCd': '19920202', 'movieNm': '두번째 이별', 'moviePartNm': '감독'}, {'movieCd': '19880200', 'movieNm': '모나리자', 'moviePartNm': '감독'}, {'movieCd': '19880200', 'movieNm': '모나리자', 'moviePartNm': '시나리오(각본)'}]"
10038689,존 왓츠,감독,"[{'movieCd': '20196309', 'movieNm': '스파이더맨: 파 프롬 홈', 'moviePartNm': '감독'}, {'movieCd': '20167303', 'movieNm': '스파이더맨: 홈 커밍', 'moviePartNm': '감독'}, {'movieCd': '20157603', 'movieNm': '캅카', 'moviePartNm': '감독'}]"
